directory,img_name,height,width,channels,byte_size,bit_depth,category_name,img_extension,category_number
01.backpack,003_0001.jpg,500,375,3,562500,uint8,backpack,jpg,1
01.backpack,003_0004.jpg,350,269,3,282450,uint8,backpack,jpg,1
01.backpack,003_0006.jpg,320,240,3,230400,uint8,backpack,jpg,1
01.backpack,003_0007.jpg,500,399,3,598500,uint8,backpack,jpg,1
01.backpack,003_0008.jpg,405,301,3,365715,uint8,backpack,jpg,1
01.backpack,003_0009.jpg,500,500,3,750000,uint8,backpack,jpg,1
01.backpack,003_0010.jpg,252,253,3,191268,uint8,backpack,jpg,1
01.backpack,003_0011.jpg,500,500,3,750000,uint8,backpack,jpg,1
01.backpack,003_0013.jpg,290,300,3,261000,uint8,backpack,jpg,1
01.backpack,003_0014.jpg,453,375,3,509625,uint8,backpack,jpg,1
01.backpack,003_0015.jpg,451,368,3,497904,uint8,backpack,jpg,1
01.backpack,003_0017.jpg,300,300,3,270000,uint8,backpack,jpg,1
01.backpack,003_0018.jpg,500,500,3,750000,uint8,backpack,jpg,1
01.backpack,003_0020.jpg,500,500,3,750000,uint8,backpack,jpg,1
01.backpack,003_0022.jpg,555,500,3,832500,uint8,backpack,jpg,1
01.backpack,003_0023.jpg,240,285,3,205200,uint8,backpack,jpg,1
01.backpack,003_0024.jpg,250,250,3,187500,uint8,backpack,jpg,1
01.backpack,003_0027.jpg,323,294,3,284886,uint8,backpack,jpg,1
01.backpack,003_0028.jpg,300,182,3,163800,uint8,backpack,jpg,1
01.backpack,003_0029.jpg,300,300,3,270000,uint8,backpack,jpg,1
01.backpack,003_0030.jpg,250,250,3,187500,uint8,backpack,jpg,1
01.backpack,003_0031.jpg,288,252,3,217728,uint8,backpack,jpg,1
01.backpack,003_0035.jpg,411,600,3,739800,uint8,backpack,jpg,1
01.backpack,003_0036.jpg,528,377,3,597168,uint8,backpack,jpg,1
01.backpack,003_0038.jpg,587,397,3,699117,uint8,backpack,jpg,1
01.backpack,003_0039.jpg,253,200,3,151800,uint8,backpack,jpg,1
01.backpack,003_0040.jpg,363,199,3,216711,uint8,backpack,jpg,1
01.backpack,003_0041.jpg,224,168,3,112896,uint8,backpack,jpg,1
01.backpack,003_0042.jpg,526,430,3,678540,uint8,backpack,jpg,1
01.backpack,003_0043.jpg,550,350,3,577500,uint8,backpack,jpg,1
01.backpack,003_0044.jpg,431,305,3,394365,uint8,backpack,jpg,1
01.backpack,003_0045.jpg,634,600,3,1141200,uint8,backpack,jpg,1
01.backpack,003_0047.jpg,360,360,3,388800,uint8,backpack,jpg,1
01.backpack,003_0048.jpg,428,337,3,432708,uint8,backpack,jpg,1
01.backpack,003_0049.jpg,220,220,3,145200,uint8,backpack,jpg,1
01.backpack,003_0050.jpg,480,640,3,921600,uint8,backpack,jpg,1
01.backpack,003_0051.jpg,450,600,3,810000,uint8,backpack,jpg,1
01.backpack,003_0053.jpg,320,240,3,230400,uint8,backpack,jpg,1
01.backpack,003_0054.jpg,277,205,3,170355,uint8,backpack,jpg,1
01.backpack,003_0055.jpg,256,247,3,189696,uint8,backpack,jpg,1
01.backpack,003_0056.jpg,500,389,3,583500,uint8,backpack,jpg,1
01.backpack,003_0058.jpg,500,500,3,750000,uint8,backpack,jpg,1
01.backpack,003_0059.jpg,302,216,3,195696,uint8,backpack,jpg,1
01.backpack,003_0060.jpg,240,240,3,172800,uint8,backpack,jpg,1
01.backpack,003_0062.jpg,477,309,3,442179,uint8,backpack,jpg,1
01.backpack,003_0065.jpg,380,280,3,319200,uint8,backpack,jpg,1
01.backpack,003_0067.jpg,638,450,3,861300,uint8,backpack,jpg,1
01.backpack,003_0068.jpg,279,250,3,209250,uint8,backpack,jpg,1
01.backpack,003_0069.jpg,480,314,3,452160,uint8,backpack,jpg,1
01.backpack,003_0070.jpg,480,480,3,691200,uint8,backpack,jpg,1
01.backpack,003_0071.jpg,690,600,3,1242000,uint8,backpack,jpg,1
01.backpack,003_0072.jpg,500,343,3,514500,uint8,backpack,jpg,1
01.backpack,003_0073.jpg,192,192,3,110592,uint8,backpack,jpg,1
01.backpack,003_0075.jpg,300,250,3,225000,uint8,backpack,jpg,1
01.backpack,003_0076.jpg,200,200,3,120000,uint8,backpack,jpg,1
01.backpack,003_0078.jpg,300,300,3,270000,uint8,backpack,jpg,1
01.backpack,003_0079.jpg,312,216,3,202176,uint8,backpack,jpg,1
01.backpack,003_0080.jpg,576,379,3,654912,uint8,backpack,jpg,1
01.backpack,003_0081.jpg,360,270,3,291600,uint8,backpack,jpg,1
01.backpack,003_0082.jpg,363,300,3,326700,uint8,backpack,jpg,1
01.backpack,003_0083.jpg,240,240,3,172800,uint8,backpack,jpg,1
01.backpack,003_0084.jpg,266,200,3,159600,uint8,backpack,jpg,1
01.backpack,003_0085.jpg,320,240,3,230400,uint8,backpack,jpg,1
01.backpack,003_0087.jpg,270,215,3,174150,uint8,backpack,jpg,1
01.backpack,003_0088.jpg,252,183,3,138348,uint8,backpack,jpg,1
01.backpack,003_0089.jpg,282,266,3,225036,uint8,backpack,jpg,1
01.backpack,003_0090.jpg,493,433,3,640407,uint8,backpack,jpg,1
01.backpack,003_0092.jpg,210,168,3,105840,uint8,backpack,jpg,1
01.backpack,003_0093.jpg,400,400,3,480000,uint8,backpack,jpg,1
01.backpack,003_0094.jpg,316,420,3,398160,uint8,backpack,jpg,1
01.backpack,003_0096.jpg,292,200,3,175200,uint8,backpack,jpg,1
01.backpack,003_0097.jpg,250,212,3,159000,uint8,backpack,jpg,1
01.backpack,003_0098.jpg,350,292,3,306600,uint8,backpack,jpg,1
01.backpack,003_0099.jpg,203,184,3,112056,uint8,backpack,jpg,1
01.backpack,003_0101.jpg,517,412,3,639012,uint8,backpack,jpg,1
01.backpack,003_0102.jpg,480,337,3,485280,uint8,backpack,jpg,1
01.backpack,003_0104.jpg,240,230,3,165600,uint8,backpack,jpg,1
01.backpack,003_0105.jpg,270,270,3,218700,uint8,backpack,jpg,1
01.backpack,003_0106.jpg,300,197,3,177300,uint8,backpack,jpg,1
01.backpack,003_0109.jpg,500,546,3,819000,uint8,backpack,jpg,1
01.backpack,003_0110.jpg,228,177,3,121068,uint8,backpack,jpg,1
01.backpack,003_0112.jpg,200,200,3,120000,uint8,backpack,jpg,1
01.backpack,003_0113.jpg,234,175,3,122850,uint8,backpack,jpg,1
01.backpack,003_0115.jpg,300,208,3,187200,uint8,backpack,jpg,1
01.backpack,003_0116.jpg,300,300,3,270000,uint8,backpack,jpg,1
01.backpack,003_0117.jpg,481,298,3,430014,uint8,backpack,jpg,1
01.backpack,003_0119.jpg,316,400,3,379200,uint8,backpack,jpg,1
01.backpack,003_0121.jpg,270,250,3,202500,uint8,backpack,jpg,1
01.backpack,003_0122.jpg,360,234,3,252720,uint8,backpack,jpg,1
01.backpack,003_0123.jpg,200,200,3,120000,uint8,backpack,jpg,1
01.backpack,003_0124.jpg,507,360,3,547560,uint8,backpack,jpg,1
01.backpack,003_0126.jpg,267,200,3,160200,uint8,backpack,jpg,1
01.backpack,003_0128.jpg,350,261,3,274050,uint8,backpack,jpg,1
01.backpack,003_0129.jpg,533,400,3,639600,uint8,backpack,jpg,1
01.backpack,003_0130.jpg,461,275,3,380325,uint8,backpack,jpg,1
01.backpack,003_0131.jpg,251,294,3,221382,uint8,backpack,jpg,1
01.backpack,003_0133.jpg,380,280,3,319200,uint8,backpack,jpg,1
01.backpack,003_0134.jpg,606,716,3,1301688,uint8,backpack,jpg,1
01.backpack,003_0135.jpg,553,300,3,497700,uint8,backpack,jpg,1
01.backpack,003_0136.jpg,466,350,3,489300,uint8,backpack,jpg,1
01.backpack,003_0137.jpg,354,250,3,265500,uint8,backpack,jpg,1
01.backpack,003_0138.jpg,200,200,3,120000,uint8,backpack,jpg,1
01.backpack,003_0139.jpg,405,337,3,409455,uint8,backpack,jpg,1
01.backpack,003_0140.jpg,295,216,3,191160,uint8,backpack,jpg,1
01.backpack,003_0141.jpg,200,161,3,96600,uint8,backpack,jpg,1
01.backpack,003_0142.jpg,350,250,3,262500,uint8,backpack,jpg,1
01.backpack,003_0143.jpg,239,225,3,161325,uint8,backpack,jpg,1
01.backpack,003_0144.jpg,252,175,3,132300,uint8,backpack,jpg,1
01.backpack,003_0145.jpg,703,567,3,1195803,uint8,backpack,jpg,1
01.backpack,003_0147.jpg,300,180,3,162000,uint8,backpack,jpg,1
01.backpack,003_0148.jpg,220,220,3,145200,uint8,backpack,jpg,1
02.bathtub,008_0001.jpg,500,425,3,637500,uint8,bathtub,jpg,2
02.bathtub,008_0002.jpg,515,640,3,988800,uint8,bathtub,jpg,2
02.bathtub,008_0003.jpg,340,650,3,663000,uint8,bathtub,jpg,2
02.bathtub,008_0004.jpg,315,420,3,396900,uint8,bathtub,jpg,2
02.bathtub,008_0005.jpg,225,300,3,202500,uint8,bathtub,jpg,2
02.bathtub,008_0006.jpg,282,417,3,352782,uint8,bathtub,jpg,2
02.bathtub,008_0007.jpg,480,640,3,921600,uint8,bathtub,jpg,2
02.bathtub,008_0008.jpg,201,250,3,150750,uint8,bathtub,jpg,2
02.bathtub,008_0010.jpg,395,591,3,700335,uint8,bathtub,jpg,2
02.bathtub,008_0011.jpg,222,160,3,106560,uint8,bathtub,jpg,2
02.bathtub,008_0013.jpg,480,640,3,921600,uint8,bathtub,jpg,2
02.bathtub,008_0014.jpg,480,640,3,921600,uint8,bathtub,jpg,2
02.bathtub,008_0015.jpg,280,450,3,378000,uint8,bathtub,jpg,2
02.bathtub,008_0016.jpg,379,454,3,516198,uint8,bathtub,jpg,2
02.bathtub,008_0017.jpg,375,500,3,562500,uint8,bathtub,jpg,2
02.bathtub,008_0018.jpg,480,640,3,921600,uint8,bathtub,jpg,2
02.bathtub,008_0019.jpg,261,401,3,313983,uint8,bathtub,jpg,2
02.bathtub,008_0020.jpg,576,383,3,661824,uint8,bathtub,jpg,2
02.bathtub,008_0021.jpg,600,761,3,1369800,uint8,bathtub,jpg,2
02.bathtub,008_0022.jpg,250,350,3,262500,uint8,bathtub,jpg,2
02.bathtub,008_0023.jpg,450,600,3,810000,uint8,bathtub,jpg,2
02.bathtub,008_0024.jpg,200,200,3,120000,uint8,bathtub,jpg,2
02.bathtub,008_0025.jpg,395,400,3,474000,uint8,bathtub,jpg,2
02.bathtub,008_0026.jpg,188,200,3,112800,uint8,bathtub,jpg,2
02.bathtub,008_0027.jpg,200,200,3,120000,uint8,bathtub,jpg,2
02.bathtub,008_0028.jpg,393,500,3,589500,uint8,bathtub,jpg,2
02.bathtub,008_0029.jpg,450,622,3,839700,uint8,bathtub,jpg,2
02.bathtub,008_0030.jpg,207,270,3,167670,uint8,bathtub,jpg,2
02.bathtub,008_0031.jpg,225,300,3,202500,uint8,bathtub,jpg,2
02.bathtub,008_0032.jpg,233,175,3,122325,uint8,bathtub,jpg,2
02.bathtub,008_0033.jpg,267,320,3,256320,uint8,bathtub,jpg,2
02.bathtub,008_0034.jpg,443,386,3,512994,uint8,bathtub,jpg,2
02.bathtub,008_0035.jpg,313,489,3,459171,uint8,bathtub,jpg,2
02.bathtub,008_0036.jpg,480,640,3,921600,uint8,bathtub,jpg,2
02.bathtub,008_0037.jpg,236,333,3,235764,uint8,bathtub,jpg,2
02.bathtub,008_0038.jpg,299,340,3,304980,uint8,bathtub,jpg,2
02.bathtub,008_0039.jpg,192,250,3,144000,uint8,bathtub,jpg,2
02.bathtub,008_0040.jpg,227,341,3,232221,uint8,bathtub,jpg,2
02.bathtub,008_0041.jpg,301,180,3,162540,uint8,bathtub,jpg,2
02.bathtub,008_0042.jpg,225,300,3,202500,uint8,bathtub,jpg,2
02.bathtub,008_0044.jpg,214,286,3,183612,uint8,bathtub,jpg,2
02.bathtub,008_0045.jpg,437,355,3,465405,uint8,bathtub,jpg,2
02.bathtub,008_0046.jpg,221,315,3,208845,uint8,bathtub,jpg,2
02.bathtub,008_0047.jpg,450,600,3,810000,uint8,bathtub,jpg,2
02.bathtub,008_0048.jpg,270,311,3,251910,uint8,bathtub,jpg,2
02.bathtub,008_0050.jpg,408,532,3,651168,uint8,bathtub,jpg,2
02.bathtub,008_0051.jpg,300,226,3,203400,uint8,bathtub,jpg,2
02.bathtub,008_0052.jpg,270,187,3,151470,uint8,bathtub,jpg,2
02.bathtub,008_0053.jpg,241,361,3,261003,uint8,bathtub,jpg,2
02.bathtub,008_0054.jpg,350,466,3,489300,uint8,bathtub,jpg,2
02.bathtub,008_0055.jpg,249,177,3,132219,uint8,bathtub,jpg,2
02.bathtub,008_0056.jpg,360,473,3,510840,uint8,bathtub,jpg,2
02.bathtub,008_0058.jpg,198,300,3,178200,uint8,bathtub,jpg,2
02.bathtub,008_0059.jpg,350,235,3,246750,uint8,bathtub,jpg,2
02.bathtub,008_0061.jpg,229,350,3,240450,uint8,bathtub,jpg,2
02.bathtub,008_0064.jpg,224,177,3,118944,uint8,bathtub,jpg,2
02.bathtub,008_0065.jpg,225,169,3,114075,uint8,bathtub,jpg,2
02.bathtub,008_0067.jpg,159,230,3,109710,uint8,bathtub,jpg,2
02.bathtub,008_0068.jpg,199,300,3,179100,uint8,bathtub,jpg,2
02.bathtub,008_0069.jpg,350,546,3,573300,uint8,bathtub,jpg,2
02.bathtub,008_0070.jpg,207,300,3,186300,uint8,bathtub,jpg,2
02.bathtub,008_0072.jpg,241,361,3,261003,uint8,bathtub,jpg,2
02.bathtub,008_0073.jpg,236,177,3,125316,uint8,bathtub,jpg,2
02.bathtub,008_0074.jpg,350,264,3,277200,uint8,bathtub,jpg,2
02.bathtub,008_0075.jpg,442,591,3,783666,uint8,bathtub,jpg,2
02.bathtub,008_0077.jpg,379,456,3,518472,uint8,bathtub,jpg,2
02.bathtub,008_0078.jpg,480,640,3,921600,uint8,bathtub,jpg,2
02.bathtub,008_0079.jpg,240,320,3,230400,uint8,bathtub,jpg,2
02.bathtub,008_0080.jpg,409,600,3,736200,uint8,bathtub,jpg,2
02.bathtub,008_0081.jpg,511,450,3,689850,uint8,bathtub,jpg,2
02.bathtub,008_0082.jpg,200,273,3,163800,uint8,bathtub,jpg,2
02.bathtub,008_0083.jpg,480,360,3,518400,uint8,bathtub,jpg,2
02.bathtub,008_0084.jpg,269,400,3,322800,uint8,bathtub,jpg,2
02.bathtub,008_0085.jpg,161,213,3,102879,uint8,bathtub,jpg,2
02.bathtub,008_0086.jpg,240,320,3,230400,uint8,bathtub,jpg,2
02.bathtub,008_0087.jpg,375,250,3,281250,uint8,bathtub,jpg,2
02.bathtub,008_0089.jpg,245,176,3,129360,uint8,bathtub,jpg,2
02.bathtub,008_0091.jpg,402,450,3,542700,uint8,bathtub,jpg,2
02.bathtub,008_0092.jpg,350,235,3,246750,uint8,bathtub,jpg,2
02.bathtub,008_0094.jpg,228,300,3,205200,uint8,bathtub,jpg,2
02.bathtub,008_0095.jpg,446,595,3,796110,uint8,bathtub,jpg,2
02.bathtub,008_0096.jpg,157,184,3,86664,uint8,bathtub,jpg,2
02.bathtub,008_0097.jpg,225,300,3,202500,uint8,bathtub,jpg,2
02.bathtub,008_0099.jpg,253,320,3,242880,uint8,bathtub,jpg,2
02.bathtub,008_0102.jpg,233,300,3,209700,uint8,bathtub,jpg,2
02.bathtub,008_0103.jpg,480,640,3,921600,uint8,bathtub,jpg,2
02.bathtub,008_0104.jpg,180,180,3,97200,uint8,bathtub,jpg,2
02.bathtub,008_0105.jpg,510,574,3,878220,uint8,bathtub,jpg,2
02.bathtub,008_0106.jpg,431,600,3,775800,uint8,bathtub,jpg,2
02.bathtub,008_0108.jpg,450,600,3,810000,uint8,bathtub,jpg,2
02.bathtub,008_0109.jpg,157,250,3,117750,uint8,bathtub,jpg,2
02.bathtub,008_0110.jpg,603,451,3,815859,uint8,bathtub,jpg,2
02.bathtub,008_0111.jpg,385,425,3,490875,uint8,bathtub,jpg,2
02.bathtub,008_0112.jpg,409,307,3,376689,uint8,bathtub,jpg,2
02.bathtub,008_0113.jpg,333,500,3,499500,uint8,bathtub,jpg,2
02.bathtub,008_0114.jpg,400,400,3,480000,uint8,bathtub,jpg,2
02.bathtub,008_0115.jpg,355,250,3,266250,uint8,bathtub,jpg,2
02.bathtub,008_0116.jpg,285,380,3,324900,uint8,bathtub,jpg,2
02.bathtub,008_0117.jpg,236,350,3,247800,uint8,bathtub,jpg,2
02.bathtub,008_0118.jpg,403,504,3,609336,uint8,bathtub,jpg,2
02.bathtub,008_0119.jpg,170,256,3,130560,uint8,bathtub,jpg,2
02.bathtub,008_0120.jpg,378,600,3,680400,uint8,bathtub,jpg,2
02.bathtub,008_0121.jpg,247,380,3,281580,uint8,bathtub,jpg,2
02.bathtub,008_0123.jpg,244,297,3,217404,uint8,bathtub,jpg,2
02.bathtub,008_0125.jpg,277,340,3,282540,uint8,bathtub,jpg,2
02.bathtub,008_0126.jpg,175,200,3,105000,uint8,bathtub,jpg,2
02.bathtub,008_0127.jpg,235,321,3,226305,uint8,bathtub,jpg,2
02.bathtub,008_0130.jpg,368,500,3,552000,uint8,bathtub,jpg,2
02.bathtub,008_0131.jpg,188,250,3,141000,uint8,bathtub,jpg,2
02.bathtub,008_0132.jpg,208,212,3,132288,uint8,bathtub,jpg,2
02.bathtub,008_0133.jpg,254,350,3,266700,uint8,bathtub,jpg,2
02.bathtub,008_0134.jpg,270,354,3,286740,uint8,bathtub,jpg,2
02.bathtub,008_0135.jpg,183,250,3,137250,uint8,bathtub,jpg,2
02.bathtub,008_0136.jpg,352,480,3,506880,uint8,bathtub,jpg,2
02.bathtub,008_0137.jpg,240,169,1,40560,uint8,bathtub,jpg,2
02.bathtub,008_0138.jpg,347,500,3,520500,uint8,bathtub,jpg,2
02.bathtub,008_0139.jpg,344,400,3,412800,uint8,bathtub,jpg,2
02.bathtub,008_0140.jpg,187,250,3,140250,uint8,bathtub,jpg,2
02.bathtub,008_0141.jpg,170,227,3,115770,uint8,bathtub,jpg,2
02.bathtub,008_0142.jpg,381,400,3,457200,uint8,bathtub,jpg,2
02.bathtub,008_0144.jpg,209,279,3,174933,uint8,bathtub,jpg,2
02.bathtub,008_0146.jpg,200,200,3,120000,uint8,bathtub,jpg,2
02.bathtub,008_0147.jpg,400,600,3,720000,uint8,bathtub,jpg,2
02.bathtub,008_0148.jpg,155,220,3,102300,uint8,bathtub,jpg,2
02.bathtub,008_0150.jpg,400,266,3,319200,uint8,bathtub,jpg,2
02.bathtub,008_0151.jpg,255,336,3,257040,uint8,bathtub,jpg,2
02.bathtub,008_0152.jpg,242,332,3,241032,uint8,bathtub,jpg,2
02.bathtub,008_0153.jpg,191,155,3,88815,uint8,bathtub,jpg,2
02.bathtub,008_0154.jpg,480,640,3,921600,uint8,bathtub,jpg,2
02.bathtub,008_0155.jpg,401,398,3,478794,uint8,bathtub,jpg,2
02.bathtub,008_0156.jpg,296,300,3,266400,uint8,bathtub,jpg,2
02.bathtub,008_0157.jpg,213,283,3,180837,uint8,bathtub,jpg,2
02.bathtub,008_0159.jpg,338,450,3,456300,uint8,bathtub,jpg,2
02.bathtub,008_0160.jpg,210,280,3,176400,uint8,bathtub,jpg,2
02.bathtub,008_0161.jpg,315,472,3,446040,uint8,bathtub,jpg,2
02.bathtub,008_0162.jpg,293,200,3,175800,uint8,bathtub,jpg,2
02.bathtub,008_0163.jpg,293,400,3,351600,uint8,bathtub,jpg,2
02.bathtub,008_0164.jpg,259,258,3,200466,uint8,bathtub,jpg,2
02.bathtub,008_0165.jpg,196,233,3,137004,uint8,bathtub,jpg,2
02.bathtub,008_0166.jpg,271,182,3,147966,uint8,bathtub,jpg,2
02.bathtub,008_0167.jpg,323,476,3,461244,uint8,bathtub,jpg,2
02.bathtub,008_0168.jpg,199,283,3,168951,uint8,bathtub,jpg,2
02.bathtub,008_0169.jpg,276,170,3,140760,uint8,bathtub,jpg,2
02.bathtub,008_0170.jpg,159,210,3,100170,uint8,bathtub,jpg,2
02.bathtub,008_0171.jpg,169,300,3,152100,uint8,bathtub,jpg,2
02.bathtub,008_0172.jpg,460,310,3,427800,uint8,bathtub,jpg,2
02.bathtub,008_0173.jpg,265,400,3,318000,uint8,bathtub,jpg,2
02.bathtub,008_0175.jpg,400,300,3,360000,uint8,bathtub,jpg,2
02.bathtub,008_0176.jpg,549,550,3,905850,uint8,bathtub,jpg,2
02.bathtub,008_0178.jpg,400,533,3,639600,uint8,bathtub,jpg,2
02.bathtub,008_0179.jpg,446,389,3,520482,uint8,bathtub,jpg,2
02.bathtub,008_0181.jpg,600,450,3,810000,uint8,bathtub,jpg,2
02.bathtub,008_0182.jpg,401,567,3,682101,uint8,bathtub,jpg,2
02.bathtub,008_0183.jpg,512,682,3,1047552,uint8,bathtub,jpg,2
02.bathtub,008_0184.jpg,213,245,3,156555,uint8,bathtub,jpg,2
02.bathtub,008_0185.jpg,180,240,3,129600,uint8,bathtub,jpg,2
02.bathtub,008_0188.jpg,346,233,3,241854,uint8,bathtub,jpg,2
02.bathtub,008_0189.jpg,282,380,3,321480,uint8,bathtub,jpg,2
02.bathtub,008_0190.jpg,452,340,3,461040,uint8,bathtub,jpg,2
02.bathtub,008_0191.jpg,478,720,3,1032480,uint8,bathtub,jpg,2
02.bathtub,008_0192.jpg,234,350,3,245700,uint8,bathtub,jpg,2
02.bathtub,008_0193.jpg,245,368,3,270480,uint8,bathtub,jpg,2
02.bathtub,008_0195.jpg,173,220,3,114180,uint8,bathtub,jpg,2
02.bathtub,008_0196.jpg,200,267,3,160200,uint8,bathtub,jpg,2
02.bathtub,008_0197.jpg,167,180,3,90180,uint8,bathtub,jpg,2
02.bathtub,008_0198.jpg,400,443,3,531600,uint8,bathtub,jpg,2
02.bathtub,008_0199.jpg,300,400,3,360000,uint8,bathtub,jpg,2
02.bathtub,008_0204.jpg,369,369,3,408483,uint8,bathtub,jpg,2
02.bathtub,008_0205.jpg,301,452,3,408156,uint8,bathtub,jpg,2
02.bathtub,008_0206.jpg,219,237,3,155709,uint8,bathtub,jpg,2
02.bathtub,008_0207.jpg,216,384,3,248832,uint8,bathtub,jpg,2
02.bathtub,008_0208.jpg,163,200,3,97800,uint8,bathtub,jpg,2
02.bathtub,008_0209.jpg,240,320,3,230400,uint8,bathtub,jpg,2
02.bathtub,008_0210.jpg,313,383,3,359637,uint8,bathtub,jpg,2
02.bathtub,008_0212.jpg,214,280,3,179760,uint8,bathtub,jpg,2
02.bathtub,008_0214.jpg,249,198,3,147906,uint8,bathtub,jpg,2
02.bathtub,008_0215.jpg,249,229,3,171063,uint8,bathtub,jpg,2
02.bathtub,008_0216.jpg,270,506,3,409860,uint8,bathtub,jpg,2
02.bathtub,008_0217.jpg,508,585,3,891540,uint8,bathtub,jpg,2
02.bathtub,008_0218.jpg,225,300,3,202500,uint8,bathtub,jpg,2
02.bathtub,008_0220.jpg,500,667,3,1000500,uint8,bathtub,jpg,2
02.bathtub,008_0221.jpg,169,200,3,101400,uint8,bathtub,jpg,2
02.bathtub,008_0222.jpg,240,320,3,230400,uint8,bathtub,jpg,2
02.bathtub,008_0223.jpg,208,350,3,218400,uint8,bathtub,jpg,2
02.bathtub,008_0224.jpg,479,324,3,465588,uint8,bathtub,jpg,2
02.bathtub,008_0225.jpg,241,300,3,216900,uint8,bathtub,jpg,2
02.bathtub,008_0226.jpg,474,616,3,875952,uint8,bathtub,jpg,2
02.bathtub,008_0227.jpg,329,450,3,444150,uint8,bathtub,jpg,2
02.bathtub,008_0229.jpg,287,200,3,172200,uint8,bathtub,jpg,2
02.bathtub,008_0230.jpg,410,307,3,377610,uint8,bathtub,jpg,2
02.bathtub,008_0231.jpg,400,304,3,364800,uint8,bathtub,jpg,2
02.bathtub,008_0232.jpg,214,152,3,97584,uint8,bathtub,jpg,2
03.billiards,011_0001.jpg,248,380,3,282720,uint8,billiards,jpg,3
03.billiards,011_0003.jpg,454,598,3,814476,uint8,billiards,jpg,3
03.billiards,011_0005.jpg,276,400,3,331200,uint8,billiards,jpg,3
03.billiards,011_0006.jpg,242,300,3,217800,uint8,billiards,jpg,3
03.billiards,011_0007.jpg,314,300,3,282600,uint8,billiards,jpg,3
03.billiards,011_0008.jpg,305,580,3,530700,uint8,billiards,jpg,3
03.billiards,011_0009.jpg,400,600,3,720000,uint8,billiards,jpg,3
03.billiards,011_0010.jpg,285,520,3,444600,uint8,billiards,jpg,3
03.billiards,011_0012.jpg,240,320,3,230400,uint8,billiards,jpg,3
03.billiards,011_0013.jpg,294,384,3,338688,uint8,billiards,jpg,3
03.billiards,011_0014.jpg,530,712,3,1132080,uint8,billiards,jpg,3
03.billiards,011_0015.jpg,297,409,3,364419,uint8,billiards,jpg,3
03.billiards,011_0016.jpg,314,300,3,282600,uint8,billiards,jpg,3
03.billiards,011_0017.jpg,312,480,3,449280,uint8,billiards,jpg,3
03.billiards,011_0018.jpg,350,218,3,228900,uint8,billiards,jpg,3
03.billiards,011_0021.jpg,576,752,3,1299456,uint8,billiards,jpg,3
03.billiards,011_0024.jpg,227,283,3,192723,uint8,billiards,jpg,3
03.billiards,011_0025.jpg,292,438,3,383688,uint8,billiards,jpg,3
03.billiards,011_0026.jpg,415,475,3,591375,uint8,billiards,jpg,3
03.billiards,011_0028.jpg,384,512,3,589824,uint8,billiards,jpg,3
03.billiards,011_0029.jpg,316,400,3,379200,uint8,billiards,jpg,3
03.billiards,011_0030.jpg,457,698,3,956958,uint8,billiards,jpg,3
03.billiards,011_0031.jpg,416,480,3,599040,uint8,billiards,jpg,3
03.billiards,011_0032.jpg,375,500,3,562500,uint8,billiards,jpg,3
03.billiards,011_0033.jpg,264,394,3,312048,uint8,billiards,jpg,3
03.billiards,011_0034.jpg,379,600,3,682200,uint8,billiards,jpg,3
03.billiards,011_0035.jpg,234,350,3,245700,uint8,billiards,jpg,3
03.billiards,011_0037.jpg,240,320,3,230400,uint8,billiards,jpg,3
03.billiards,011_0038.jpg,200,300,3,180000,uint8,billiards,jpg,3
03.billiards,011_0039.jpg,197,190,3,112290,uint8,billiards,jpg,3
03.billiards,011_0040.jpg,480,640,3,921600,uint8,billiards,jpg,3
03.billiards,011_0042.jpg,350,234,3,245700,uint8,billiards,jpg,3
03.billiards,011_0043.jpg,311,422,3,393726,uint8,billiards,jpg,3
03.billiards,011_0044.jpg,311,350,3,326550,uint8,billiards,jpg,3
03.billiards,011_0045.jpg,292,438,3,383688,uint8,billiards,jpg,3
03.billiards,011_0047.jpg,360,441,3,476280,uint8,billiards,jpg,3
03.billiards,011_0048.jpg,200,200,3,120000,uint8,billiards,jpg,3
03.billiards,011_0049.jpg,297,574,3,511434,uint8,billiards,jpg,3
03.billiards,011_0050.jpg,337,450,3,454950,uint8,billiards,jpg,3
03.billiards,011_0051.jpg,295,440,3,389400,uint8,billiards,jpg,3
03.billiards,011_0052.jpg,283,413,3,350637,uint8,billiards,jpg,3
03.billiards,011_0053.jpg,277,200,3,166200,uint8,billiards,jpg,3
03.billiards,011_0054.jpg,250,191,3,143250,uint8,billiards,jpg,3
03.billiards,011_0056.jpg,286,570,3,489060,uint8,billiards,jpg,3
03.billiards,011_0057.jpg,230,350,3,241500,uint8,billiards,jpg,3
03.billiards,011_0059.jpg,480,640,3,921600,uint8,billiards,jpg,3
03.billiards,011_0060.jpg,485,600,3,873000,uint8,billiards,jpg,3
03.billiards,011_0061.jpg,375,500,3,562500,uint8,billiards,jpg,3
03.billiards,011_0062.jpg,420,560,3,705600,uint8,billiards,jpg,3
03.billiards,011_0063.jpg,300,300,3,270000,uint8,billiards,jpg,3
03.billiards,011_0064.jpg,344,410,3,423120,uint8,billiards,jpg,3
03.billiards,011_0065.jpg,405,600,3,729000,uint8,billiards,jpg,3
03.billiards,011_0067.jpg,311,480,3,447840,uint8,billiards,jpg,3
03.billiards,011_0068.jpg,161,250,3,120750,uint8,billiards,jpg,3
03.billiards,011_0069.jpg,435,600,3,783000,uint8,billiards,jpg,3
03.billiards,011_0070.jpg,300,340,3,306000,uint8,billiards,jpg,3
03.billiards,011_0071.jpg,207,296,3,183816,uint8,billiards,jpg,3
03.billiards,011_0072.jpg,480,640,3,921600,uint8,billiards,jpg,3
03.billiards,011_0073.jpg,425,283,3,360825,uint8,billiards,jpg,3
03.billiards,011_0074.jpg,240,320,3,230400,uint8,billiards,jpg,3
03.billiards,011_0075.jpg,405,600,3,729000,uint8,billiards,jpg,3
03.billiards,011_0077.jpg,277,400,3,332400,uint8,billiards,jpg,3
03.billiards,011_0078.jpg,297,300,3,267300,uint8,billiards,jpg,3
03.billiards,011_0079.jpg,235,313,3,220665,uint8,billiards,jpg,3
03.billiards,011_0080.jpg,555,665,3,1107225,uint8,billiards,jpg,3
03.billiards,011_0081.jpg,503,500,3,754500,uint8,billiards,jpg,3
03.billiards,011_0082.jpg,373,493,3,551667,uint8,billiards,jpg,3
03.billiards,011_0083.jpg,280,350,3,294000,uint8,billiards,jpg,3
03.billiards,011_0084.jpg,230,230,3,158700,uint8,billiards,jpg,3
03.billiards,011_0085.jpg,381,511,3,584073,uint8,billiards,jpg,3
03.billiards,011_0086.jpg,240,180,3,129600,uint8,billiards,jpg,3
03.billiards,011_0087.jpg,400,287,3,344400,uint8,billiards,jpg,3
03.billiards,011_0088.jpg,230,316,3,218040,uint8,billiards,jpg,3
03.billiards,011_0089.jpg,640,480,3,921600,uint8,billiards,jpg,3
03.billiards,011_0090.jpg,262,350,3,275100,uint8,billiards,jpg,3
03.billiards,011_0091.jpg,480,640,3,921600,uint8,billiards,jpg,3
03.billiards,011_0092.jpg,480,640,3,921600,uint8,billiards,jpg,3
03.billiards,011_0094.jpg,225,300,3,202500,uint8,billiards,jpg,3
03.billiards,011_0095.jpg,398,600,3,716400,uint8,billiards,jpg,3
03.billiards,011_0097.jpg,259,350,3,271950,uint8,billiards,jpg,3
03.billiards,011_0098.jpg,221,323,3,214149,uint8,billiards,jpg,3
03.billiards,011_0099.jpg,424,600,3,763200,uint8,billiards,jpg,3
03.billiards,011_0100.jpg,244,222,3,162504,uint8,billiards,jpg,3
03.billiards,011_0101.jpg,228,320,3,218880,uint8,billiards,jpg,3
03.billiards,011_0102.jpg,410,525,3,645750,uint8,billiards,jpg,3
03.billiards,011_0103.jpg,224,298,3,200256,uint8,billiards,jpg,3
03.billiards,011_0104.jpg,480,640,3,921600,uint8,billiards,jpg,3
03.billiards,011_0106.jpg,240,320,3,230400,uint8,billiards,jpg,3
03.billiards,011_0107.jpg,200,250,3,150000,uint8,billiards,jpg,3
03.billiards,011_0108.jpg,206,250,3,154500,uint8,billiards,jpg,3
03.billiards,011_0109.jpg,225,300,3,202500,uint8,billiards,jpg,3
03.billiards,011_0112.jpg,224,310,3,208320,uint8,billiards,jpg,3
03.billiards,011_0113.jpg,384,512,3,589824,uint8,billiards,jpg,3
03.billiards,011_0114.jpg,192,350,3,201600,uint8,billiards,jpg,3
03.billiards,011_0115.jpg,310,550,3,511500,uint8,billiards,jpg,3
03.billiards,011_0116.jpg,263,350,3,276150,uint8,billiards,jpg,3
03.billiards,011_0117.jpg,307,410,3,377610,uint8,billiards,jpg,3
03.billiards,011_0118.jpg,450,600,3,810000,uint8,billiards,jpg,3
03.billiards,011_0119.jpg,400,252,3,302400,uint8,billiards,jpg,3
03.billiards,011_0120.jpg,164,250,3,123000,uint8,billiards,jpg,3
03.billiards,011_0121.jpg,480,640,3,921600,uint8,billiards,jpg,3
03.billiards,011_0122.jpg,211,250,3,158250,uint8,billiards,jpg,3
03.billiards,011_0123.jpg,225,200,3,135000,uint8,billiards,jpg,3
03.billiards,011_0124.jpg,254,339,3,258318,uint8,billiards,jpg,3
03.billiards,011_0125.jpg,400,400,3,480000,uint8,billiards,jpg,3
03.billiards,011_0126.jpg,261,401,3,313983,uint8,billiards,jpg,3
03.billiards,011_0129.jpg,307,410,3,377610,uint8,billiards,jpg,3
03.billiards,011_0130.jpg,261,450,3,352350,uint8,billiards,jpg,3
03.billiards,011_0131.jpg,381,499,3,570357,uint8,billiards,jpg,3
03.billiards,011_0134.jpg,204,303,3,185436,uint8,billiards,jpg,3
03.billiards,011_0135.jpg,200,200,3,120000,uint8,billiards,jpg,3
03.billiards,011_0136.jpg,212,212,3,134832,uint8,billiards,jpg,3
03.billiards,011_0138.jpg,255,252,3,192780,uint8,billiards,jpg,3
03.billiards,011_0139.jpg,623,780,3,1457820,uint8,billiards,jpg,3
03.billiards,011_0140.jpg,335,500,3,502500,uint8,billiards,jpg,3
03.billiards,011_0142.jpg,400,400,3,480000,uint8,billiards,jpg,3
03.billiards,011_0143.jpg,252,330,3,249480,uint8,billiards,jpg,3
03.billiards,011_0144.jpg,215,270,3,174150,uint8,billiards,jpg,3
03.billiards,011_0145.jpg,480,640,3,921600,uint8,billiards,jpg,3
03.billiards,011_0146.jpg,335,500,3,502500,uint8,billiards,jpg,3
03.billiards,011_0147.jpg,289,430,3,372810,uint8,billiards,jpg,3
03.billiards,011_0148.jpg,220,294,3,194040,uint8,billiards,jpg,3
03.billiards,011_0150.jpg,283,211,3,179139,uint8,billiards,jpg,3
03.billiards,011_0151.jpg,241,179,3,129417,uint8,billiards,jpg,3
03.billiards,011_0152.jpg,256,384,3,294912,uint8,billiards,jpg,3
03.billiards,011_0153.jpg,480,640,3,921600,uint8,billiards,jpg,3
03.billiards,011_0154.jpg,296,295,3,261960,uint8,billiards,jpg,3
03.billiards,011_0156.jpg,575,792,3,1366200,uint8,billiards,jpg,3
03.billiards,011_0157.jpg,292,350,3,306600,uint8,billiards,jpg,3
03.billiards,011_0159.jpg,450,600,3,810000,uint8,billiards,jpg,3
03.billiards,011_0160.jpg,470,300,3,423000,uint8,billiards,jpg,3
03.billiards,011_0162.jpg,350,250,3,262500,uint8,billiards,jpg,3
03.billiards,011_0164.jpg,225,300,3,202500,uint8,billiards,jpg,3
03.billiards,011_0167.jpg,225,300,3,202500,uint8,billiards,jpg,3
03.billiards,011_0168.jpg,480,478,3,688320,uint8,billiards,jpg,3
03.billiards,011_0169.jpg,213,240,3,153360,uint8,billiards,jpg,3
03.billiards,011_0170.jpg,293,402,3,353358,uint8,billiards,jpg,3
03.billiards,011_0171.jpg,254,178,3,135636,uint8,billiards,jpg,3
03.billiards,011_0172.jpg,270,360,3,291600,uint8,billiards,jpg,3
03.billiards,011_0173.jpg,339,454,3,461718,uint8,billiards,jpg,3
03.billiards,011_0174.jpg,180,280,3,151200,uint8,billiards,jpg,3
03.billiards,011_0175.jpg,294,219,3,193158,uint8,billiards,jpg,3
03.billiards,011_0176.jpg,432,436,3,565056,uint8,billiards,jpg,3
03.billiards,011_0177.jpg,345,510,3,527850,uint8,billiards,jpg,3
03.billiards,011_0178.jpg,480,640,3,921600,uint8,billiards,jpg,3
03.billiards,011_0181.jpg,238,350,3,249900,uint8,billiards,jpg,3
03.billiards,011_0182.jpg,320,256,3,245760,uint8,billiards,jpg,3
03.billiards,011_0183.jpg,203,270,3,164430,uint8,billiards,jpg,3
03.billiards,011_0184.jpg,263,350,3,276150,uint8,billiards,jpg,3
03.billiards,011_0185.jpg,263,350,3,276150,uint8,billiards,jpg,3
03.billiards,011_0187.jpg,266,200,3,159600,uint8,billiards,jpg,3
03.billiards,011_0189.jpg,450,600,3,810000,uint8,billiards,jpg,3
03.billiards,011_0190.jpg,275,400,3,330000,uint8,billiards,jpg,3
03.billiards,011_0192.jpg,450,600,3,810000,uint8,billiards,jpg,3
03.billiards,011_0193.jpg,200,267,3,160200,uint8,billiards,jpg,3
03.billiards,011_0194.jpg,309,243,3,225261,uint8,billiards,jpg,3
03.billiards,011_0195.jpg,263,370,3,291930,uint8,billiards,jpg,3
03.billiards,011_0196.jpg,200,200,3,120000,uint8,billiards,jpg,3
03.billiards,011_0197.jpg,234,350,3,245700,uint8,billiards,jpg,3
03.billiards,011_0198.jpg,221,305,3,202215,uint8,billiards,jpg,3
03.billiards,011_0199.jpg,262,350,3,275100,uint8,billiards,jpg,3
03.billiards,011_0200.jpg,300,500,3,450000,uint8,billiards,jpg,3
03.billiards,011_0201.jpg,518,691,3,1073814,uint8,billiards,jpg,3
03.billiards,011_0202.jpg,316,388,3,367824,uint8,billiards,jpg,3
03.billiards,011_0203.jpg,201,234,3,141102,uint8,billiards,jpg,3
03.billiards,011_0204.jpg,375,500,3,562500,uint8,billiards,jpg,3
03.billiards,011_0205.jpg,450,600,3,810000,uint8,billiards,jpg,3
03.billiards,011_0206.jpg,237,300,3,213300,uint8,billiards,jpg,3
03.billiards,011_0207.jpg,234,350,3,245700,uint8,billiards,jpg,3
03.billiards,011_0208.jpg,265,350,3,278250,uint8,billiards,jpg,3
03.billiards,011_0209.jpg,165,227,3,112365,uint8,billiards,jpg,3
03.billiards,011_0210.jpg,246,369,3,272322,uint8,billiards,jpg,3
03.billiards,011_0211.jpg,378,567,3,642978,uint8,billiards,jpg,3
03.billiards,011_0212.jpg,242,242,3,175692,uint8,billiards,jpg,3
03.billiards,011_0213.jpg,248,360,3,267840,uint8,billiards,jpg,3
03.billiards,011_0214.jpg,226,283,3,191874,uint8,billiards,jpg,3
03.billiards,011_0215.jpg,240,320,3,230400,uint8,billiards,jpg,3
03.billiards,011_0217.jpg,205,293,3,180195,uint8,billiards,jpg,3
03.billiards,011_0218.jpg,333,467,3,466533,uint8,billiards,jpg,3
03.billiards,011_0219.jpg,280,250,3,210000,uint8,billiards,jpg,3
03.billiards,011_0220.jpg,671,729,3,1467477,uint8,billiards,jpg,3
03.billiards,011_0221.jpg,229,300,3,206100,uint8,billiards,jpg,3
03.billiards,011_0222.jpg,260,410,3,319800,uint8,billiards,jpg,3
03.billiards,011_0223.jpg,225,300,3,202500,uint8,billiards,jpg,3
03.billiards,011_0224.jpg,446,250,3,334500,uint8,billiards,jpg,3
03.billiards,011_0225.jpg,160,240,3,115200,uint8,billiards,jpg,3
03.billiards,011_0226.jpg,300,400,3,360000,uint8,billiards,jpg,3
03.billiards,011_0227.jpg,254,317,3,241554,uint8,billiards,jpg,3
03.billiards,011_0228.jpg,220,294,3,194040,uint8,billiards,jpg,3
03.billiards,011_0229.jpg,216,315,3,204120,uint8,billiards,jpg,3
03.billiards,011_0230.jpg,200,290,3,174000,uint8,billiards,jpg,3
03.billiards,011_0231.jpg,265,400,3,318000,uint8,billiards,jpg,3
03.billiards,011_0232.jpg,161,240,3,115920,uint8,billiards,jpg,3
03.billiards,011_0233.jpg,267,400,3,320400,uint8,billiards,jpg,3
03.billiards,011_0234.jpg,200,267,3,160200,uint8,billiards,jpg,3
03.billiards,011_0235.jpg,289,383,3,332061,uint8,billiards,jpg,3
03.billiards,011_0236.jpg,240,320,3,230400,uint8,billiards,jpg,3
03.billiards,011_0237.jpg,480,640,3,921600,uint8,billiards,jpg,3
03.billiards,011_0238.jpg,225,300,3,202500,uint8,billiards,jpg,3
03.billiards,011_0239.jpg,237,280,3,199080,uint8,billiards,jpg,3
03.billiards,011_0240.jpg,151,200,3,90600,uint8,billiards,jpg,3
03.billiards,011_0241.jpg,174,250,3,130500,uint8,billiards,jpg,3
03.billiards,011_0242.jpg,208,315,3,196560,uint8,billiards,jpg,3
03.billiards,011_0243.jpg,198,227,3,134838,uint8,billiards,jpg,3
03.billiards,011_0244.jpg,295,393,3,347805,uint8,billiards,jpg,3
03.billiards,011_0245.jpg,252,200,3,151200,uint8,billiards,jpg,3
03.billiards,011_0246.jpg,179,300,3,161100,uint8,billiards,jpg,3
03.billiards,011_0247.jpg,410,600,3,738000,uint8,billiards,jpg,3
03.billiards,011_0248.jpg,188,250,3,141000,uint8,billiards,jpg,3
03.billiards,011_0249.jpg,170,227,3,115770,uint8,billiards,jpg,3
03.billiards,011_0250.jpg,282,500,3,423000,uint8,billiards,jpg,3
03.billiards,011_0251.jpg,340,534,3,544680,uint8,billiards,jpg,3
03.billiards,011_0252.jpg,497,362,3,539742,uint8,billiards,jpg,3
03.billiards,011_0253.jpg,407,600,3,732600,uint8,billiards,jpg,3
03.billiards,011_0254.jpg,194,300,3,174600,uint8,billiards,jpg,3
03.billiards,011_0255.jpg,198,360,3,213840,uint8,billiards,jpg,3
03.billiards,011_0256.jpg,380,540,3,615600,uint8,billiards,jpg,3
03.billiards,011_0257.jpg,449,650,3,875550,uint8,billiards,jpg,3
03.billiards,011_0258.jpg,300,400,3,360000,uint8,billiards,jpg,3
03.billiards,011_0259.jpg,194,252,3,146664,uint8,billiards,jpg,3
03.billiards,011_0261.jpg,375,500,3,562500,uint8,billiards,jpg,3
03.billiards,011_0262.jpg,331,492,3,488556,uint8,billiards,jpg,3
03.billiards,011_0263.jpg,318,500,3,477000,uint8,billiards,jpg,3
03.billiards,011_0264.jpg,263,350,3,276150,uint8,billiards,jpg,3
03.billiards,011_0265.jpg,359,569,3,612813,uint8,billiards,jpg,3
03.billiards,011_0266.jpg,458,650,3,893100,uint8,billiards,jpg,3
03.billiards,011_0267.jpg,206,155,3,95790,uint8,billiards,jpg,3
03.billiards,011_0268.jpg,300,400,3,360000,uint8,billiards,jpg,3
03.billiards,011_0269.jpg,444,439,3,584748,uint8,billiards,jpg,3
03.billiards,011_0270.jpg,285,265,3,226575,uint8,billiards,jpg,3
03.billiards,011_0271.jpg,151,220,3,99660,uint8,billiards,jpg,3
03.billiards,011_0272.jpg,480,640,3,921600,uint8,billiards,jpg,3
03.billiards,011_0273.jpg,270,360,3,291600,uint8,billiards,jpg,3
03.billiards,011_0274.jpg,206,295,3,182310,uint8,billiards,jpg,3
03.billiards,011_0275.jpg,360,480,3,518400,uint8,billiards,jpg,3
03.billiards,011_0276.jpg,298,489,3,437166,uint8,billiards,jpg,3
03.billiards,011_0277.jpg,266,500,3,399000,uint8,billiards,jpg,3
03.billiards,011_0278.jpg,222,299,3,199134,uint8,billiards,jpg,3
04.binoculars,012_0001.jpg,452,640,3,867840,uint8,binoculars,jpg,4
04.binoculars,012_0003.jpg,283,283,3,240267,uint8,binoculars,jpg,4
04.binoculars,012_0004.jpg,157,216,3,101736,uint8,binoculars,jpg,4
04.binoculars,012_0005.jpg,266,400,3,319200,uint8,binoculars,jpg,4
04.binoculars,012_0006.jpg,217,300,3,195300,uint8,binoculars,jpg,4
04.binoculars,012_0007.jpg,450,469,3,633150,uint8,binoculars,jpg,4
04.binoculars,012_0008.jpg,189,220,3,124740,uint8,binoculars,jpg,4
04.binoculars,012_0009.jpg,214,160,3,102720,uint8,binoculars,jpg,4
04.binoculars,012_0013.jpg,304,410,3,373920,uint8,binoculars,jpg,4
04.binoculars,012_0014.jpg,200,200,3,120000,uint8,binoculars,jpg,4
04.binoculars,012_0015.jpg,273,450,3,368550,uint8,binoculars,jpg,4
04.binoculars,012_0016.jpg,430,500,3,645000,uint8,binoculars,jpg,4
04.binoculars,012_0019.jpg,218,300,3,196200,uint8,binoculars,jpg,4
04.binoculars,012_0020.jpg,234,400,3,280800,uint8,binoculars,jpg,4
04.binoculars,012_0022.jpg,235,245,3,172725,uint8,binoculars,jpg,4
04.binoculars,012_0023.jpg,214,160,3,102720,uint8,binoculars,jpg,4
04.binoculars,012_0024.jpg,214,160,3,102720,uint8,binoculars,jpg,4
04.binoculars,012_0025.jpg,214,160,3,102720,uint8,binoculars,jpg,4
04.binoculars,012_0026.jpg,244,300,3,219600,uint8,binoculars,jpg,4
04.binoculars,012_0027.jpg,364,405,3,442260,uint8,binoculars,jpg,4
04.binoculars,012_0028.jpg,480,640,3,921600,uint8,binoculars,jpg,4
04.binoculars,012_0029.jpg,300,231,3,207900,uint8,binoculars,jpg,4
04.binoculars,012_0030.jpg,409,605,3,742335,uint8,binoculars,jpg,4
04.binoculars,012_0031.jpg,188,250,3,141000,uint8,binoculars,jpg,4
04.binoculars,012_0032.jpg,227,300,3,204300,uint8,binoculars,jpg,4
04.binoculars,012_0034.jpg,363,500,3,544500,uint8,binoculars,jpg,4
04.binoculars,012_0037.jpg,290,500,3,435000,uint8,binoculars,jpg,4
04.binoculars,012_0038.jpg,200,200,3,120000,uint8,binoculars,jpg,4
04.binoculars,012_0039.jpg,200,303,3,181800,uint8,binoculars,jpg,4
04.binoculars,012_0040.jpg,231,209,3,144837,uint8,binoculars,jpg,4
04.binoculars,012_0042.jpg,360,360,3,388800,uint8,binoculars,jpg,4
04.binoculars,012_0044.jpg,320,353,3,338880,uint8,binoculars,jpg,4
04.binoculars,012_0045.jpg,261,349,3,273267,uint8,binoculars,jpg,4
04.binoculars,012_0046.jpg,220,220,3,145200,uint8,binoculars,jpg,4
04.binoculars,012_0047.jpg,245,240,3,176400,uint8,binoculars,jpg,4
04.binoculars,012_0048.jpg,316,424,3,401952,uint8,binoculars,jpg,4
04.binoculars,012_0051.jpg,543,500,3,814500,uint8,binoculars,jpg,4
04.binoculars,012_0052.jpg,176,177,3,93456,uint8,binoculars,jpg,4
04.binoculars,012_0053.jpg,243,250,3,182250,uint8,binoculars,jpg,4
04.binoculars,012_0054.jpg,317,451,3,428901,uint8,binoculars,jpg,4
04.binoculars,012_0055.jpg,500,500,3,750000,uint8,binoculars,jpg,4
04.binoculars,012_0056.jpg,225,300,3,202500,uint8,binoculars,jpg,4
04.binoculars,012_0057.jpg,280,383,3,321720,uint8,binoculars,jpg,4
04.binoculars,012_0058.jpg,392,350,3,411600,uint8,binoculars,jpg,4
04.binoculars,012_0060.jpg,606,606,3,1101708,uint8,binoculars,jpg,4
04.binoculars,012_0061.jpg,445,640,3,854400,uint8,binoculars,jpg,4
04.binoculars,012_0062.jpg,480,640,3,921600,uint8,binoculars,jpg,4
04.binoculars,012_0063.jpg,250,253,3,189750,uint8,binoculars,jpg,4
04.binoculars,012_0064.jpg,161,175,3,84525,uint8,binoculars,jpg,4
04.binoculars,012_0065.jpg,257,280,3,215880,uint8,binoculars,jpg,4
04.binoculars,012_0067.jpg,360,360,3,388800,uint8,binoculars,jpg,4
04.binoculars,012_0068.jpg,407,500,3,610500,uint8,binoculars,jpg,4
04.binoculars,012_0069.jpg,171,275,3,141075,uint8,binoculars,jpg,4
04.binoculars,012_0070.jpg,224,300,3,201600,uint8,binoculars,jpg,4
04.binoculars,012_0071.jpg,192,300,3,172800,uint8,binoculars,jpg,4
04.binoculars,012_0072.jpg,400,400,3,480000,uint8,binoculars,jpg,4
04.binoculars,012_0073.jpg,266,400,3,319200,uint8,binoculars,jpg,4
04.binoculars,012_0074.jpg,353,442,3,468078,uint8,binoculars,jpg,4
04.binoculars,012_0075.jpg,324,417,3,405324,uint8,binoculars,jpg,4
04.binoculars,012_0076.jpg,397,251,3,298941,uint8,binoculars,jpg,4
04.binoculars,012_0077.jpg,408,576,3,705024,uint8,binoculars,jpg,4
04.binoculars,012_0078.jpg,261,170,3,133110,uint8,binoculars,jpg,4
04.binoculars,012_0079.jpg,216,341,3,220968,uint8,binoculars,jpg,4
04.binoculars,012_0080.jpg,267,220,3,176220,uint8,binoculars,jpg,4
04.binoculars,012_0081.jpg,205,300,3,184500,uint8,binoculars,jpg,4
04.binoculars,012_0082.jpg,170,200,3,102000,uint8,binoculars,jpg,4
04.binoculars,012_0084.jpg,341,400,3,409200,uint8,binoculars,jpg,4
04.binoculars,012_0085.jpg,226,204,3,138312,uint8,binoculars,jpg,4
04.binoculars,012_0086.jpg,321,350,3,337050,uint8,binoculars,jpg,4
04.binoculars,012_0087.jpg,202,280,3,169680,uint8,binoculars,jpg,4
04.binoculars,012_0088.jpg,425,567,3,722925,uint8,binoculars,jpg,4
04.binoculars,012_0089.jpg,330,330,3,326700,uint8,binoculars,jpg,4
04.binoculars,012_0090.jpg,200,200,3,120000,uint8,binoculars,jpg,4
04.binoculars,012_0091.jpg,623,519,3,970011,uint8,binoculars,jpg,4
04.binoculars,012_0092.jpg,300,249,3,224100,uint8,binoculars,jpg,4
04.binoculars,012_0093.jpg,200,200,3,120000,uint8,binoculars,jpg,4
04.binoculars,012_0094.jpg,227,286,3,194766,uint8,binoculars,jpg,4
04.binoculars,012_0095.jpg,208,250,3,156000,uint8,binoculars,jpg,4
04.binoculars,012_0096.jpg,219,250,3,164250,uint8,binoculars,jpg,4
04.binoculars,012_0097.jpg,257,280,3,215880,uint8,binoculars,jpg,4
04.binoculars,012_0098.jpg,164,250,3,123000,uint8,binoculars,jpg,4
04.binoculars,012_0099.jpg,183,200,3,109800,uint8,binoculars,jpg,4
04.binoculars,012_0100.jpg,267,422,3,338022,uint8,binoculars,jpg,4
04.binoculars,012_0104.jpg,278,450,3,375300,uint8,binoculars,jpg,4
04.binoculars,012_0105.jpg,277,328,3,272568,uint8,binoculars,jpg,4
04.binoculars,012_0107.jpg,200,200,3,120000,uint8,binoculars,jpg,4
04.binoculars,012_0109.jpg,200,297,3,178200,uint8,binoculars,jpg,4
04.binoculars,012_0110.jpg,319,400,3,382800,uint8,binoculars,jpg,4
04.binoculars,012_0111.jpg,505,700,3,1060500,uint8,binoculars,jpg,4
04.binoculars,012_0112.jpg,200,200,3,120000,uint8,binoculars,jpg,4
04.binoculars,012_0113.jpg,298,298,3,266412,uint8,binoculars,jpg,4
04.binoculars,012_0115.jpg,338,338,3,342732,uint8,binoculars,jpg,4
04.binoculars,012_0117.jpg,202,197,3,119382,uint8,binoculars,jpg,4
04.binoculars,012_0118.jpg,323,432,3,418608,uint8,binoculars,jpg,4
04.binoculars,012_0119.jpg,200,200,3,120000,uint8,binoculars,jpg,4
04.binoculars,012_0120.jpg,291,300,3,261900,uint8,binoculars,jpg,4
04.binoculars,012_0121.jpg,200,325,3,195000,uint8,binoculars,jpg,4
04.binoculars,012_0122.jpg,200,200,3,120000,uint8,binoculars,jpg,4
04.binoculars,012_0123.jpg,256,470,3,360960,uint8,binoculars,jpg,4
04.binoculars,012_0124.jpg,400,209,3,250800,uint8,binoculars,jpg,4
04.binoculars,012_0125.jpg,291,275,3,240075,uint8,binoculars,jpg,4
04.binoculars,012_0126.jpg,201,200,3,120600,uint8,binoculars,jpg,4
04.binoculars,012_0127.jpg,249,391,3,292077,uint8,binoculars,jpg,4
04.binoculars,012_0129.jpg,380,500,3,570000,uint8,binoculars,jpg,4
04.binoculars,012_0130.jpg,155,250,3,116250,uint8,binoculars,jpg,4
04.binoculars,012_0132.jpg,173,213,3,110547,uint8,binoculars,jpg,4
04.binoculars,012_0133.jpg,200,250,3,150000,uint8,binoculars,jpg,4
04.binoculars,012_0134.jpg,200,300,3,180000,uint8,binoculars,jpg,4
04.binoculars,012_0136.jpg,256,275,3,211200,uint8,binoculars,jpg,4
04.binoculars,012_0137.jpg,259,250,3,194250,uint8,binoculars,jpg,4
04.binoculars,012_0138.jpg,406,680,3,828240,uint8,binoculars,jpg,4
04.binoculars,012_0139.jpg,263,233,3,183837,uint8,binoculars,jpg,4
04.binoculars,012_0140.jpg,242,230,3,166980,uint8,binoculars,jpg,4
04.binoculars,012_0141.jpg,280,230,3,193200,uint8,binoculars,jpg,4
04.binoculars,012_0142.jpg,296,300,3,266400,uint8,binoculars,jpg,4
04.binoculars,012_0144.jpg,480,640,3,921600,uint8,binoculars,jpg,4
04.binoculars,012_0145.jpg,284,325,3,276900,uint8,binoculars,jpg,4
04.binoculars,012_0147.jpg,263,272,3,214608,uint8,binoculars,jpg,4
04.binoculars,012_0148.jpg,215,299,3,192855,uint8,binoculars,jpg,4
04.binoculars,012_0149.jpg,200,200,3,120000,uint8,binoculars,jpg,4
04.binoculars,012_0150.jpg,355,500,3,532500,uint8,binoculars,jpg,4
04.binoculars,012_0151.jpg,289,300,3,260100,uint8,binoculars,jpg,4
04.binoculars,012_0153.jpg,189,198,3,112266,uint8,binoculars,jpg,4
04.binoculars,012_0155.jpg,198,309,3,183546,uint8,binoculars,jpg,4
04.binoculars,012_0156.jpg,320,243,3,233280,uint8,binoculars,jpg,4
04.binoculars,012_0157.jpg,156,225,3,105300,uint8,binoculars,jpg,4
04.binoculars,012_0158.jpg,220,220,3,145200,uint8,binoculars,jpg,4
04.binoculars,012_0159.jpg,200,200,3,120000,uint8,binoculars,jpg,4
04.binoculars,012_0161.jpg,224,316,3,212352,uint8,binoculars,jpg,4
04.binoculars,012_0162.jpg,200,200,3,120000,uint8,binoculars,jpg,4
04.binoculars,012_0163.jpg,319,529,3,506253,uint8,binoculars,jpg,4
04.binoculars,012_0164.jpg,338,450,3,456300,uint8,binoculars,jpg,4
04.binoculars,012_0166.jpg,185,161,3,89355,uint8,binoculars,jpg,4
04.binoculars,012_0167.jpg,294,400,3,352800,uint8,binoculars,jpg,4
04.binoculars,012_0168.jpg,290,416,3,361920,uint8,binoculars,jpg,4
04.binoculars,012_0169.jpg,190,190,3,108300,uint8,binoculars,jpg,4
04.binoculars,012_0170.jpg,300,400,3,360000,uint8,binoculars,jpg,4
04.binoculars,012_0172.jpg,320,224,3,215040,uint8,binoculars,jpg,4
04.binoculars,012_0173.jpg,200,200,3,120000,uint8,binoculars,jpg,4
04.binoculars,012_0174.jpg,215,379,3,244455,uint8,binoculars,jpg,4
04.binoculars,012_0175.jpg,172,180,3,92880,uint8,binoculars,jpg,4
04.binoculars,012_0176.jpg,323,506,3,490314,uint8,binoculars,jpg,4
04.binoculars,012_0177.jpg,230,250,3,172500,uint8,binoculars,jpg,4
04.binoculars,012_0178.jpg,451,500,3,676500,uint8,binoculars,jpg,4
04.binoculars,012_0180.jpg,200,250,3,150000,uint8,binoculars,jpg,4
04.binoculars,012_0181.jpg,300,450,3,405000,uint8,binoculars,jpg,4
04.binoculars,012_0182.jpg,191,200,3,114600,uint8,binoculars,jpg,4
04.binoculars,012_0183.jpg,398,518,3,618492,uint8,binoculars,jpg,4
04.binoculars,012_0184.jpg,209,400,3,250800,uint8,binoculars,jpg,4
04.binoculars,012_0185.jpg,160,160,3,76800,uint8,binoculars,jpg,4
04.binoculars,012_0186.jpg,213,231,3,147609,uint8,binoculars,jpg,4
04.binoculars,012_0187.jpg,175,175,3,91875,uint8,binoculars,jpg,4
04.binoculars,012_0188.jpg,421,539,3,680757,uint8,binoculars,jpg,4
04.binoculars,012_0189.jpg,197,250,3,147750,uint8,binoculars,jpg,4
04.binoculars,012_0190.jpg,261,261,3,204363,uint8,binoculars,jpg,4
04.binoculars,012_0192.jpg,280,264,3,221760,uint8,binoculars,jpg,4
04.binoculars,012_0195.jpg,200,200,3,120000,uint8,binoculars,jpg,4
04.binoculars,012_0196.jpg,300,300,3,270000,uint8,binoculars,jpg,4
04.binoculars,012_0197.jpg,338,300,3,304200,uint8,binoculars,jpg,4
04.binoculars,012_0198.jpg,160,160,3,76800,uint8,binoculars,jpg,4
04.binoculars,012_0199.jpg,180,180,3,97200,uint8,binoculars,jpg,4
04.binoculars,012_0200.jpg,224,400,3,268800,uint8,binoculars,jpg,4
04.binoculars,012_0201.jpg,300,273,3,245700,uint8,binoculars,jpg,4
04.binoculars,012_0202.jpg,200,325,3,195000,uint8,binoculars,jpg,4
04.binoculars,012_0203.jpg,275,325,3,268125,uint8,binoculars,jpg,4
04.binoculars,012_0205.jpg,167,230,3,115230,uint8,binoculars,jpg,4
04.binoculars,012_0206.jpg,159,159,3,75843,uint8,binoculars,jpg,4
04.binoculars,012_0207.jpg,400,400,3,480000,uint8,binoculars,jpg,4
04.binoculars,012_0208.jpg,166,228,3,113544,uint8,binoculars,jpg,4
04.binoculars,012_0210.jpg,373,500,3,559500,uint8,binoculars,jpg,4
04.binoculars,012_0211.jpg,203,198,3,120582,uint8,binoculars,jpg,4
04.binoculars,012_0212.jpg,428,630,3,808920,uint8,binoculars,jpg,4
04.binoculars,012_0213.jpg,251,300,3,225900,uint8,binoculars,jpg,4
04.binoculars,012_0214.jpg,300,300,3,270000,uint8,binoculars,jpg,4
04.binoculars,012_0215.jpg,462,304,3,421344,uint8,binoculars,jpg,4
04.binoculars,012_0216.jpg,550,433,3,714450,uint8,binoculars,jpg,4
05.bonsai-101,015_0002.jpg,300,265,3,238500,uint8,bonsai-101,jpg,5
05.bonsai-101,015_0003.jpg,300,230,3,207000,uint8,bonsai-101,jpg,5
05.bonsai-101,015_0005.jpg,269,300,3,242100,uint8,bonsai-101,jpg,5
05.bonsai-101,015_0006.jpg,300,208,3,187200,uint8,bonsai-101,jpg,5
05.bonsai-101,015_0008.jpg,202,300,3,181800,uint8,bonsai-101,jpg,5
05.bonsai-101,015_0009.jpg,300,255,3,229500,uint8,bonsai-101,jpg,5
05.bonsai-101,015_0011.jpg,300,201,3,180900,uint8,bonsai-101,jpg,5
05.bonsai-101,015_0017.jpg,225,300,3,202500,uint8,bonsai-101,jpg,5
05.bonsai-101,015_0018.jpg,261,300,3,234900,uint8,bonsai-101,jpg,5
05.bonsai-101,015_0019.jpg,296,300,3,266400,uint8,bonsai-101,jpg,5
05.bonsai-101,015_0021.jpg,222,300,3,199800,uint8,bonsai-101,jpg,5
05.bonsai-101,015_0022.jpg,225,300,3,202500,uint8,bonsai-101,jpg,5
05.bonsai-101,015_0023.jpg,225,300,3,202500,uint8,bonsai-101,jpg,5
05.bonsai-101,015_0028.jpg,300,269,3,242100,uint8,bonsai-101,jpg,5
05.bonsai-101,015_0029.jpg,300,225,3,202500,uint8,bonsai-101,jpg,5
05.bonsai-101,015_0031.jpg,300,297,3,267300,uint8,bonsai-101,jpg,5
05.bonsai-101,015_0033.jpg,300,236,3,212400,uint8,bonsai-101,jpg,5
05.bonsai-101,015_0034.jpg,272,300,3,244800,uint8,bonsai-101,jpg,5
05.bonsai-101,015_0035.jpg,279,300,3,251100,uint8,bonsai-101,jpg,5
05.bonsai-101,015_0036.jpg,300,271,3,243900,uint8,bonsai-101,jpg,5
05.bonsai-101,015_0038.jpg,300,298,3,268200,uint8,bonsai-101,jpg,5
05.bonsai-101,015_0040.jpg,300,264,3,237600,uint8,bonsai-101,jpg,5
05.bonsai-101,015_0043.jpg,300,300,3,270000,uint8,bonsai-101,jpg,5
05.bonsai-101,015_0044.jpg,300,225,3,202500,uint8,bonsai-101,jpg,5
05.bonsai-101,015_0045.jpg,300,264,3,237600,uint8,bonsai-101,jpg,5
05.bonsai-101,015_0046.jpg,300,259,3,233100,uint8,bonsai-101,jpg,5
05.bonsai-101,015_0047.jpg,300,231,3,207900,uint8,bonsai-101,jpg,5
05.bonsai-101,015_0048.jpg,300,252,3,226800,uint8,bonsai-101,jpg,5
05.bonsai-101,015_0050.jpg,300,238,3,214200,uint8,bonsai-101,jpg,5
05.bonsai-101,015_0051.jpg,202,300,3,181800,uint8,bonsai-101,jpg,5
05.bonsai-101,015_0053.jpg,300,252,3,226800,uint8,bonsai-101,jpg,5
05.bonsai-101,015_0054.jpg,258,300,3,232200,uint8,bonsai-101,jpg,5
05.bonsai-101,015_0055.jpg,300,261,3,234900,uint8,bonsai-101,jpg,5
05.bonsai-101,015_0056.jpg,300,296,3,266400,uint8,bonsai-101,jpg,5
05.bonsai-101,015_0057.jpg,300,286,3,257400,uint8,bonsai-101,jpg,5
05.bonsai-101,015_0058.jpg,188,300,3,169200,uint8,bonsai-101,jpg,5
05.bonsai-101,015_0059.jpg,290,300,3,261000,uint8,bonsai-101,jpg,5
05.bonsai-101,015_0060.jpg,300,220,3,198000,uint8,bonsai-101,jpg,5
05.bonsai-101,015_0061.jpg,300,273,3,245700,uint8,bonsai-101,jpg,5
05.bonsai-101,015_0062.jpg,300,245,3,220500,uint8,bonsai-101,jpg,5
05.bonsai-101,015_0066.jpg,300,182,3,163800,uint8,bonsai-101,jpg,5
05.bonsai-101,015_0068.jpg,300,248,3,223200,uint8,bonsai-101,jpg,5
05.bonsai-101,015_0069.jpg,300,291,3,261900,uint8,bonsai-101,jpg,5
05.bonsai-101,015_0070.jpg,300,280,3,252000,uint8,bonsai-101,jpg,5
05.bonsai-101,015_0071.jpg,300,225,3,202500,uint8,bonsai-101,jpg,5
05.bonsai-101,015_0074.jpg,300,271,3,243900,uint8,bonsai-101,jpg,5
05.bonsai-101,015_0075.jpg,300,199,3,179100,uint8,bonsai-101,jpg,5
05.bonsai-101,015_0078.jpg,300,223,3,200700,uint8,bonsai-101,jpg,5
05.bonsai-101,015_0080.jpg,300,257,3,231300,uint8,bonsai-101,jpg,5
05.bonsai-101,015_0081.jpg,300,224,3,201600,uint8,bonsai-101,jpg,5
05.bonsai-101,015_0082.jpg,273,300,3,245700,uint8,bonsai-101,jpg,5
05.bonsai-101,015_0083.jpg,240,300,3,216000,uint8,bonsai-101,jpg,5
05.bonsai-101,015_0084.jpg,208,300,3,187200,uint8,bonsai-101,jpg,5
05.bonsai-101,015_0085.jpg,285,300,3,256500,uint8,bonsai-101,jpg,5
05.bonsai-101,015_0086.jpg,237,300,3,213300,uint8,bonsai-101,jpg,5
05.bonsai-101,015_0087.jpg,300,290,3,261000,uint8,bonsai-101,jpg,5
05.bonsai-101,015_0089.jpg,259,300,3,233100,uint8,bonsai-101,jpg,5
05.bonsai-101,015_0092.jpg,242,300,3,217800,uint8,bonsai-101,jpg,5
05.bonsai-101,015_0094.jpg,300,220,3,198000,uint8,bonsai-101,jpg,5
05.bonsai-101,015_0097.jpg,300,213,3,191700,uint8,bonsai-101,jpg,5
05.bonsai-101,015_0098.jpg,300,213,3,191700,uint8,bonsai-101,jpg,5
05.bonsai-101,015_0099.jpg,300,200,3,180000,uint8,bonsai-101,jpg,5
05.bonsai-101,015_0100.jpg,300,186,3,167400,uint8,bonsai-101,jpg,5
05.bonsai-101,015_0102.jpg,282,300,3,253800,uint8,bonsai-101,jpg,5
05.bonsai-101,015_0103.jpg,300,300,3,270000,uint8,bonsai-101,jpg,5
05.bonsai-101,015_0104.jpg,251,300,3,225900,uint8,bonsai-101,jpg,5
05.bonsai-101,015_0105.jpg,225,300,3,202500,uint8,bonsai-101,jpg,5
05.bonsai-101,015_0106.jpg,258,300,3,232200,uint8,bonsai-101,jpg,5
05.bonsai-101,015_0107.jpg,300,210,3,189000,uint8,bonsai-101,jpg,5
05.bonsai-101,015_0109.jpg,300,250,3,225000,uint8,bonsai-101,jpg,5
05.bonsai-101,015_0110.jpg,300,296,3,266400,uint8,bonsai-101,jpg,5
05.bonsai-101,015_0111.jpg,300,257,3,231300,uint8,bonsai-101,jpg,5
05.bonsai-101,015_0112.jpg,270,300,3,243000,uint8,bonsai-101,jpg,5
05.bonsai-101,015_0113.jpg,300,263,3,236700,uint8,bonsai-101,jpg,5
05.bonsai-101,015_0114.jpg,300,225,3,202500,uint8,bonsai-101,jpg,5
05.bonsai-101,015_0115.jpg,225,300,3,202500,uint8,bonsai-101,jpg,5
05.bonsai-101,015_0116.jpg,300,223,3,200700,uint8,bonsai-101,jpg,5
05.bonsai-101,015_0117.jpg,300,248,3,223200,uint8,bonsai-101,jpg,5
05.bonsai-101,015_0118.jpg,278,300,3,250200,uint8,bonsai-101,jpg,5
05.bonsai-101,015_0119.jpg,300,225,3,202500,uint8,bonsai-101,jpg,5
05.bonsai-101,015_0120.jpg,300,212,3,190800,uint8,bonsai-101,jpg,5
05.bonsai-101,015_0121.jpg,300,193,3,173700,uint8,bonsai-101,jpg,5
06.boxing-glove,019_0001.jpg,267,300,3,240300,uint8,boxing-glove,jpg,6
06.boxing-glove,019_0002.jpg,200,200,3,120000,uint8,boxing-glove,jpg,6
06.boxing-glove,019_0003.jpg,188,216,3,121824,uint8,boxing-glove,jpg,6
06.boxing-glove,019_0004.jpg,216,162,3,104976,uint8,boxing-glove,jpg,6
06.boxing-glove,019_0006.jpg,193,250,3,144750,uint8,boxing-glove,jpg,6
06.boxing-glove,019_0007.jpg,692,442,3,917592,uint8,boxing-glove,jpg,6
06.boxing-glove,019_0009.jpg,240,250,3,180000,uint8,boxing-glove,jpg,6
06.boxing-glove,019_0011.jpg,220,220,3,145200,uint8,boxing-glove,jpg,6
06.boxing-glove,019_0013.jpg,360,228,3,246240,uint8,boxing-glove,jpg,6
06.boxing-glove,019_0014.jpg,332,540,3,537840,uint8,boxing-glove,jpg,6
06.boxing-glove,019_0016.jpg,375,500,3,562500,uint8,boxing-glove,jpg,6
06.boxing-glove,019_0017.jpg,253,165,3,125235,uint8,boxing-glove,jpg,6
06.boxing-glove,019_0018.jpg,301,268,3,242004,uint8,boxing-glove,jpg,6
06.boxing-glove,019_0019.jpg,360,360,3,388800,uint8,boxing-glove,jpg,6
06.boxing-glove,019_0020.jpg,175,200,3,105000,uint8,boxing-glove,jpg,6
06.boxing-glove,019_0023.jpg,202,245,3,148470,uint8,boxing-glove,jpg,6
06.boxing-glove,019_0026.jpg,242,302,3,219252,uint8,boxing-glove,jpg,6
06.boxing-glove,019_0028.jpg,215,260,3,167700,uint8,boxing-glove,jpg,6
06.boxing-glove,019_0030.jpg,297,300,3,267300,uint8,boxing-glove,jpg,6
06.boxing-glove,019_0033.jpg,428,279,3,358236,uint8,boxing-glove,jpg,6
06.boxing-glove,019_0034.jpg,240,195,3,140400,uint8,boxing-glove,jpg,6
06.boxing-glove,019_0036.jpg,195,300,3,175500,uint8,boxing-glove,jpg,6
06.boxing-glove,019_0037.jpg,300,300,3,270000,uint8,boxing-glove,jpg,6
06.boxing-glove,019_0038.jpg,300,235,3,211500,uint8,boxing-glove,jpg,6
06.boxing-glove,019_0039.jpg,222,239,3,159174,uint8,boxing-glove,jpg,6
06.boxing-glove,019_0040.jpg,300,400,3,360000,uint8,boxing-glove,jpg,6
06.boxing-glove,019_0041.jpg,300,198,3,178200,uint8,boxing-glove,jpg,6
06.boxing-glove,019_0042.jpg,197,240,3,141840,uint8,boxing-glove,jpg,6
06.boxing-glove,019_0043.jpg,384,300,3,345600,uint8,boxing-glove,jpg,6
06.boxing-glove,019_0044.jpg,175,175,3,91875,uint8,boxing-glove,jpg,6
06.boxing-glove,019_0045.jpg,300,200,3,180000,uint8,boxing-glove,jpg,6
06.boxing-glove,019_0046.jpg,253,165,3,125235,uint8,boxing-glove,jpg,6
06.boxing-glove,019_0047.jpg,252,300,3,226800,uint8,boxing-glove,jpg,6
06.boxing-glove,019_0049.jpg,185,185,3,102675,uint8,boxing-glove,jpg,6
06.boxing-glove,019_0050.jpg,300,300,3,270000,uint8,boxing-glove,jpg,6
06.boxing-glove,019_0052.jpg,200,213,3,127800,uint8,boxing-glove,jpg,6
06.boxing-glove,019_0053.jpg,255,340,3,260100,uint8,boxing-glove,jpg,6
06.boxing-glove,019_0055.jpg,640,640,3,1228800,uint8,boxing-glove,jpg,6
06.boxing-glove,019_0056.jpg,338,450,3,456300,uint8,boxing-glove,jpg,6
06.boxing-glove,019_0058.jpg,218,300,3,196200,uint8,boxing-glove,jpg,6
06.boxing-glove,019_0059.jpg,253,320,3,242880,uint8,boxing-glove,jpg,6
06.boxing-glove,019_0060.jpg,251,400,3,301200,uint8,boxing-glove,jpg,6
06.boxing-glove,019_0062.jpg,300,300,3,270000,uint8,boxing-glove,jpg,6
06.boxing-glove,019_0063.jpg,185,185,3,102675,uint8,boxing-glove,jpg,6
06.boxing-glove,019_0064.jpg,180,240,3,129600,uint8,boxing-glove,jpg,6
06.boxing-glove,019_0065.jpg,450,600,3,810000,uint8,boxing-glove,jpg,6
06.boxing-glove,019_0066.jpg,450,600,3,810000,uint8,boxing-glove,jpg,6
06.boxing-glove,019_0068.jpg,493,607,3,897753,uint8,boxing-glove,jpg,6
06.boxing-glove,019_0070.jpg,504,406,3,613872,uint8,boxing-glove,jpg,6
06.boxing-glove,019_0071.jpg,480,640,3,921600,uint8,boxing-glove,jpg,6
06.boxing-glove,019_0072.jpg,480,640,3,921600,uint8,boxing-glove,jpg,6
06.boxing-glove,019_0076.jpg,181,180,3,97740,uint8,boxing-glove,jpg,6
06.boxing-glove,019_0077.jpg,488,530,3,775920,uint8,boxing-glove,jpg,6
06.boxing-glove,019_0078.jpg,389,283,3,330261,uint8,boxing-glove,jpg,6
06.boxing-glove,019_0079.jpg,320,213,3,204480,uint8,boxing-glove,jpg,6
06.boxing-glove,019_0081.jpg,464,724,3,1007808,uint8,boxing-glove,jpg,6
06.boxing-glove,019_0084.jpg,255,265,3,202725,uint8,boxing-glove,jpg,6
06.boxing-glove,019_0085.jpg,228,265,3,181260,uint8,boxing-glove,jpg,6
06.boxing-glove,019_0086.jpg,390,240,3,280800,uint8,boxing-glove,jpg,6
06.boxing-glove,019_0087.jpg,252,271,3,204876,uint8,boxing-glove,jpg,6
06.boxing-glove,019_0088.jpg,283,250,3,212250,uint8,boxing-glove,jpg,6
06.boxing-glove,019_0091.jpg,167,250,3,125250,uint8,boxing-glove,jpg,6
06.boxing-glove,019_0093.jpg,282,282,3,238572,uint8,boxing-glove,jpg,6
06.boxing-glove,019_0095.jpg,188,200,3,112800,uint8,boxing-glove,jpg,6
06.boxing-glove,019_0097.jpg,178,300,3,160200,uint8,boxing-glove,jpg,6
06.boxing-glove,019_0098.jpg,251,229,3,172437,uint8,boxing-glove,jpg,6
06.boxing-glove,019_0099.jpg,343,466,3,479514,uint8,boxing-glove,jpg,6
06.boxing-glove,019_0101.jpg,157,194,3,91374,uint8,boxing-glove,jpg,6
06.boxing-glove,019_0102.jpg,254,200,3,152400,uint8,boxing-glove,jpg,6
06.boxing-glove,019_0103.jpg,300,400,3,360000,uint8,boxing-glove,jpg,6
06.boxing-glove,019_0106.jpg,219,300,3,197100,uint8,boxing-glove,jpg,6
06.boxing-glove,019_0107.jpg,240,320,3,230400,uint8,boxing-glove,jpg,6
06.boxing-glove,019_0108.jpg,166,200,3,99600,uint8,boxing-glove,jpg,6
06.boxing-glove,019_0109.jpg,170,200,3,102000,uint8,boxing-glove,jpg,6
06.boxing-glove,019_0110.jpg,325,500,3,487500,uint8,boxing-glove,jpg,6
06.boxing-glove,019_0111.jpg,248,300,3,223200,uint8,boxing-glove,jpg,6
06.boxing-glove,019_0112.jpg,289,350,3,303450,uint8,boxing-glove,jpg,6
06.boxing-glove,019_0113.jpg,160,223,3,107040,uint8,boxing-glove,jpg,6
06.boxing-glove,019_0114.jpg,160,223,3,107040,uint8,boxing-glove,jpg,6
06.boxing-glove,019_0115.jpg,375,500,3,562500,uint8,boxing-glove,jpg,6
06.boxing-glove,019_0116.jpg,173,260,3,134940,uint8,boxing-glove,jpg,6
06.boxing-glove,019_0117.jpg,157,200,3,94200,uint8,boxing-glove,jpg,6
06.boxing-glove,019_0121.jpg,266,330,3,263340,uint8,boxing-glove,jpg,6
06.boxing-glove,019_0123.jpg,480,640,3,921600,uint8,boxing-glove,jpg,6
07.breadmaker,021_0002.jpg,180,240,3,129600,uint8,breadmaker,jpg,7
07.breadmaker,021_0003.jpg,282,300,3,253800,uint8,breadmaker,jpg,7
07.breadmaker,021_0004.jpg,180,240,3,129600,uint8,breadmaker,jpg,7
07.breadmaker,021_0006.jpg,300,250,3,225000,uint8,breadmaker,jpg,7
07.breadmaker,021_0007.jpg,150,150,3,67500,uint8,breadmaker,jpg,7
07.breadmaker,021_0008.jpg,290,404,3,351480,uint8,breadmaker,jpg,7
07.breadmaker,021_0009.jpg,233,350,3,244650,uint8,breadmaker,jpg,7
07.breadmaker,021_0010.jpg,339,450,3,457650,uint8,breadmaker,jpg,7
07.breadmaker,021_0011.jpg,200,200,3,120000,uint8,breadmaker,jpg,7
07.breadmaker,021_0013.jpg,298,298,3,266412,uint8,breadmaker,jpg,7
07.breadmaker,021_0014.jpg,205,197,3,121155,uint8,breadmaker,jpg,7
07.breadmaker,021_0016.jpg,112,200,3,67200,uint8,breadmaker,jpg,7
07.breadmaker,021_0017.jpg,150,160,3,72000,uint8,breadmaker,jpg,7
07.breadmaker,021_0018.jpg,230,230,3,158700,uint8,breadmaker,jpg,7
07.breadmaker,021_0019.jpg,607,650,3,1183650,uint8,breadmaker,jpg,7
07.breadmaker,021_0020.jpg,158,220,3,104280,uint8,breadmaker,jpg,7
07.breadmaker,021_0021.jpg,200,200,3,120000,uint8,breadmaker,jpg,7
07.breadmaker,021_0022.jpg,150,148,3,66600,uint8,breadmaker,jpg,7
07.breadmaker,021_0023.jpg,123,150,3,55350,uint8,breadmaker,jpg,7
07.breadmaker,021_0024.jpg,205,181,3,111315,uint8,breadmaker,jpg,7
07.breadmaker,021_0028.jpg,444,619,3,824508,uint8,breadmaker,jpg,7
07.breadmaker,021_0029.jpg,150,200,3,90000,uint8,breadmaker,jpg,7
07.breadmaker,021_0030.jpg,324,324,3,314928,uint8,breadmaker,jpg,7
07.breadmaker,021_0031.jpg,110,110,3,36300,uint8,breadmaker,jpg,7
07.breadmaker,021_0032.jpg,225,225,3,151875,uint8,breadmaker,jpg,7
07.breadmaker,021_0033.jpg,144,144,3,62208,uint8,breadmaker,jpg,7
07.breadmaker,021_0034.jpg,146,150,3,65700,uint8,breadmaker,jpg,7
07.breadmaker,021_0035.jpg,223,242,3,161898,uint8,breadmaker,jpg,7
07.breadmaker,021_0036.jpg,240,320,3,230400,uint8,breadmaker,jpg,7
07.breadmaker,021_0037.jpg,150,170,3,76500,uint8,breadmaker,jpg,7
07.breadmaker,021_0038.jpg,283,263,3,223287,uint8,breadmaker,jpg,7
07.breadmaker,021_0039.jpg,160,160,3,76800,uint8,breadmaker,jpg,7
07.breadmaker,021_0040.jpg,183,250,3,137250,uint8,breadmaker,jpg,7
07.breadmaker,021_0044.jpg,305,285,3,260775,uint8,breadmaker,jpg,7
07.breadmaker,021_0045.jpg,232,260,3,180960,uint8,breadmaker,jpg,7
07.breadmaker,021_0046.jpg,142,160,3,68160,uint8,breadmaker,jpg,7
07.breadmaker,021_0047.jpg,190,190,3,108300,uint8,breadmaker,jpg,7
07.breadmaker,021_0048.jpg,285,285,3,243675,uint8,breadmaker,jpg,7
07.breadmaker,021_0049.jpg,125,136,3,51000,uint8,breadmaker,jpg,7
07.breadmaker,021_0050.jpg,190,250,3,142500,uint8,breadmaker,jpg,7
07.breadmaker,021_0051.jpg,200,200,3,120000,uint8,breadmaker,jpg,7
07.breadmaker,021_0052.jpg,150,130,3,58500,uint8,breadmaker,jpg,7
07.breadmaker,021_0054.jpg,220,220,3,145200,uint8,breadmaker,jpg,7
07.breadmaker,021_0057.jpg,225,225,3,151875,uint8,breadmaker,jpg,7
07.breadmaker,021_0059.jpg,192,220,3,126720,uint8,breadmaker,jpg,7
07.breadmaker,021_0061.jpg,150,150,3,67500,uint8,breadmaker,jpg,7
07.breadmaker,021_0066.jpg,200,200,3,120000,uint8,breadmaker,jpg,7
07.breadmaker,021_0067.jpg,183,169,3,92781,uint8,breadmaker,jpg,7
07.breadmaker,021_0068.jpg,130,150,3,58500,uint8,breadmaker,jpg,7
07.breadmaker,021_0069.jpg,451,451,3,610203,uint8,breadmaker,jpg,7
07.breadmaker,021_0070.jpg,146,150,3,65700,uint8,breadmaker,jpg,7
07.breadmaker,021_0073.jpg,278,371,3,309414,uint8,breadmaker,jpg,7
07.breadmaker,021_0074.jpg,300,300,3,270000,uint8,breadmaker,jpg,7
07.breadmaker,021_0075.jpg,230,230,3,158700,uint8,breadmaker,jpg,7
07.breadmaker,021_0076.jpg,211,207,3,131031,uint8,breadmaker,jpg,7
07.breadmaker,021_0078.jpg,217,300,3,195300,uint8,breadmaker,jpg,7
07.breadmaker,021_0079.jpg,150,200,3,90000,uint8,breadmaker,jpg,7
07.breadmaker,021_0080.jpg,300,249,3,224100,uint8,breadmaker,jpg,7
07.breadmaker,021_0082.jpg,120,160,3,57600,uint8,breadmaker,jpg,7
07.breadmaker,021_0084.jpg,298,300,3,268200,uint8,breadmaker,jpg,7
07.breadmaker,021_0085.jpg,207,231,3,143451,uint8,breadmaker,jpg,7
07.breadmaker,021_0086.jpg,200,200,3,120000,uint8,breadmaker,jpg,7
07.breadmaker,021_0089.jpg,141,150,3,63450,uint8,breadmaker,jpg,7
07.breadmaker,021_0090.jpg,200,200,3,120000,uint8,breadmaker,jpg,7
07.breadmaker,021_0092.jpg,137,153,3,62883,uint8,breadmaker,jpg,7
07.breadmaker,021_0094.jpg,230,220,3,151800,uint8,breadmaker,jpg,7
07.breadmaker,021_0095.jpg,150,129,3,58050,uint8,breadmaker,jpg,7
07.breadmaker,021_0097.jpg,449,441,3,594027,uint8,breadmaker,jpg,7
07.breadmaker,021_0098.jpg,160,160,3,76800,uint8,breadmaker,jpg,7
07.breadmaker,021_0099.jpg,150,150,3,67500,uint8,breadmaker,jpg,7
07.breadmaker,021_0100.jpg,150,150,3,67500,uint8,breadmaker,jpg,7
07.breadmaker,021_0101.jpg,150,150,3,67500,uint8,breadmaker,jpg,7
07.breadmaker,021_0102.jpg,111,150,3,49950,uint8,breadmaker,jpg,7
07.breadmaker,021_0103.jpg,219,219,1,47961,uint8,breadmaker,jpg,7
07.breadmaker,021_0104.jpg,150,150,3,67500,uint8,breadmaker,jpg,7
07.breadmaker,021_0108.jpg,271,271,3,220323,uint8,breadmaker,jpg,7
07.breadmaker,021_0110.jpg,161,150,3,72450,uint8,breadmaker,jpg,7
07.breadmaker,021_0112.jpg,298,275,3,245850,uint8,breadmaker,jpg,7
07.breadmaker,021_0114.jpg,240,240,3,172800,uint8,breadmaker,jpg,7
07.breadmaker,021_0115.jpg,144,200,3,86400,uint8,breadmaker,jpg,7
07.breadmaker,021_0116.jpg,240,320,3,230400,uint8,breadmaker,jpg,7
07.breadmaker,021_0117.jpg,240,320,3,230400,uint8,breadmaker,jpg,7
07.breadmaker,021_0118.jpg,264,280,3,221760,uint8,breadmaker,jpg,7
07.breadmaker,021_0119.jpg,162,175,3,85050,uint8,breadmaker,jpg,7
07.breadmaker,021_0120.jpg,162,175,3,85050,uint8,breadmaker,jpg,7
07.breadmaker,021_0121.jpg,295,295,3,261075,uint8,breadmaker,jpg,7
07.breadmaker,021_0122.jpg,154,150,3,69300,uint8,breadmaker,jpg,7
07.breadmaker,021_0123.jpg,350,350,3,367500,uint8,breadmaker,jpg,7
07.breadmaker,021_0124.jpg,154,152,3,70224,uint8,breadmaker,jpg,7
07.breadmaker,021_0125.jpg,195,163,3,95355,uint8,breadmaker,jpg,7
07.breadmaker,021_0126.jpg,353,300,3,317700,uint8,breadmaker,jpg,7
07.breadmaker,021_0129.jpg,307,375,3,345375,uint8,breadmaker,jpg,7
07.breadmaker,021_0130.jpg,156,160,3,74880,uint8,breadmaker,jpg,7
07.breadmaker,021_0131.jpg,126,150,3,56700,uint8,breadmaker,jpg,7
07.breadmaker,021_0132.jpg,150,150,3,67500,uint8,breadmaker,jpg,7
07.breadmaker,021_0133.jpg,253,222,3,168498,uint8,breadmaker,jpg,7
07.breadmaker,021_0134.jpg,200,200,3,120000,uint8,breadmaker,jpg,7
07.breadmaker,021_0135.jpg,265,350,3,278250,uint8,breadmaker,jpg,7
07.breadmaker,021_0136.jpg,218,286,3,187044,uint8,breadmaker,jpg,7
07.breadmaker,021_0137.jpg,176,176,3,92928,uint8,breadmaker,jpg,7
07.breadmaker,021_0139.jpg,250,222,3,166500,uint8,breadmaker,jpg,7
07.breadmaker,021_0142.jpg,224,350,3,235200,uint8,breadmaker,jpg,7
08.chess-board,037_0001.jpg,223,325,3,217425,uint8,chess-board,jpg,8
08.chess-board,037_0003.jpg,200,198,3,118800,uint8,chess-board,jpg,8
08.chess-board,037_0004.jpg,254,250,3,190500,uint8,chess-board,jpg,8
08.chess-board,037_0006.jpg,297,294,3,261954,uint8,chess-board,jpg,8
08.chess-board,037_0007.jpg,729,729,3,1594323,uint8,chess-board,jpg,8
08.chess-board,037_0008.jpg,673,555,3,1120545,uint8,chess-board,jpg,8
08.chess-board,037_0009.jpg,537,768,3,1237248,uint8,chess-board,jpg,8
08.chess-board,037_0010.jpg,178,300,3,160200,uint8,chess-board,jpg,8
08.chess-board,037_0011.jpg,461,707,3,977781,uint8,chess-board,jpg,8
08.chess-board,037_0012.jpg,600,779,3,1402200,uint8,chess-board,jpg,8
08.chess-board,037_0013.jpg,219,250,3,164250,uint8,chess-board,jpg,8
08.chess-board,037_0014.jpg,497,709,3,1057119,uint8,chess-board,jpg,8
08.chess-board,037_0015.jpg,160,160,3,76800,uint8,chess-board,jpg,8
08.chess-board,037_0016.jpg,225,251,3,169425,uint8,chess-board,jpg,8
08.chess-board,037_0018.jpg,384,480,3,552960,uint8,chess-board,jpg,8
08.chess-board,037_0022.jpg,480,640,3,921600,uint8,chess-board,jpg,8
08.chess-board,037_0023.jpg,400,400,3,480000,uint8,chess-board,jpg,8
08.chess-board,037_0025.jpg,480,640,3,921600,uint8,chess-board,jpg,8
08.chess-board,037_0026.jpg,343,497,3,511413,uint8,chess-board,jpg,8
08.chess-board,037_0027.jpg,420,569,3,716940,uint8,chess-board,jpg,8
08.chess-board,037_0029.jpg,568,777,3,1324008,uint8,chess-board,jpg,8
08.chess-board,037_0030.jpg,264,308,3,243936,uint8,chess-board,jpg,8
08.chess-board,037_0031.jpg,316,313,3,296724,uint8,chess-board,jpg,8
08.chess-board,037_0032.jpg,753,757,3,1710063,uint8,chess-board,jpg,8
08.chess-board,037_0034.jpg,184,217,3,119784,uint8,chess-board,jpg,8
08.chess-board,037_0035.jpg,209,301,3,188727,uint8,chess-board,jpg,8
08.chess-board,037_0036.jpg,216,210,3,136080,uint8,chess-board,jpg,8
08.chess-board,037_0037.jpg,311,500,3,466500,uint8,chess-board,jpg,8
08.chess-board,037_0038.jpg,650,660,3,1287000,uint8,chess-board,jpg,8
08.chess-board,037_0039.jpg,650,678,3,1322100,uint8,chess-board,jpg,8
08.chess-board,037_0040.jpg,380,260,3,296400,uint8,chess-board,jpg,8
08.chess-board,037_0041.jpg,300,400,3,360000,uint8,chess-board,jpg,8
08.chess-board,037_0043.jpg,512,380,3,583680,uint8,chess-board,jpg,8
08.chess-board,037_0045.jpg,187,250,3,140250,uint8,chess-board,jpg,8
08.chess-board,037_0048.jpg,469,490,3,689430,uint8,chess-board,jpg,8
08.chess-board,037_0051.jpg,201,243,3,146529,uint8,chess-board,jpg,8
08.chess-board,037_0052.jpg,360,360,3,388800,uint8,chess-board,jpg,8
08.chess-board,037_0054.jpg,220,307,3,202620,uint8,chess-board,jpg,8
08.chess-board,037_0057.jpg,160,210,3,100800,uint8,chess-board,jpg,8
08.chess-board,037_0058.jpg,225,300,3,202500,uint8,chess-board,jpg,8
08.chess-board,037_0059.jpg,196,212,3,124656,uint8,chess-board,jpg,8
08.chess-board,037_0063.jpg,268,242,3,194568,uint8,chess-board,jpg,8
08.chess-board,037_0064.jpg,600,679,3,1222200,uint8,chess-board,jpg,8
08.chess-board,037_0066.jpg,272,500,3,408000,uint8,chess-board,jpg,8
08.chess-board,037_0068.jpg,323,421,3,407949,uint8,chess-board,jpg,8
08.chess-board,037_0070.jpg,179,260,3,139620,uint8,chess-board,jpg,8
08.chess-board,037_0071.jpg,357,474,3,507654,uint8,chess-board,jpg,8
08.chess-board,037_0072.jpg,430,600,3,774000,uint8,chess-board,jpg,8
08.chess-board,037_0073.jpg,158,225,3,106650,uint8,chess-board,jpg,8
08.chess-board,037_0076.jpg,300,400,3,360000,uint8,chess-board,jpg,8
08.chess-board,037_0077.jpg,360,480,3,518400,uint8,chess-board,jpg,8
08.chess-board,037_0078.jpg,480,640,3,921600,uint8,chess-board,jpg,8
08.chess-board,037_0079.jpg,365,550,3,602250,uint8,chess-board,jpg,8
08.chess-board,037_0081.jpg,284,414,3,352728,uint8,chess-board,jpg,8
08.chess-board,037_0082.jpg,175,290,3,152250,uint8,chess-board,jpg,8
08.chess-board,037_0083.jpg,165,250,3,123750,uint8,chess-board,jpg,8
08.chess-board,037_0085.jpg,315,326,3,308070,uint8,chess-board,jpg,8
08.chess-board,037_0086.jpg,188,250,3,141000,uint8,chess-board,jpg,8
08.chess-board,037_0087.jpg,450,600,3,810000,uint8,chess-board,jpg,8
08.chess-board,037_0090.jpg,274,450,3,369900,uint8,chess-board,jpg,8
08.chess-board,037_0091.jpg,175,225,3,118125,uint8,chess-board,jpg,8
08.chess-board,037_0092.jpg,248,186,3,138384,uint8,chess-board,jpg,8
08.chess-board,037_0093.jpg,437,428,3,561108,uint8,chess-board,jpg,8
08.chess-board,037_0094.jpg,170,203,3,103530,uint8,chess-board,jpg,8
08.chess-board,037_0095.jpg,729,729,3,1594323,uint8,chess-board,jpg,8
08.chess-board,037_0097.jpg,323,449,3,435081,uint8,chess-board,jpg,8
08.chess-board,037_0099.jpg,480,640,3,921600,uint8,chess-board,jpg,8
08.chess-board,037_0102.jpg,249,432,3,322704,uint8,chess-board,jpg,8
08.chess-board,037_0103.jpg,276,270,3,223560,uint8,chess-board,jpg,8
08.chess-board,037_0106.jpg,420,420,3,529200,uint8,chess-board,jpg,8
08.chess-board,037_0109.jpg,333,373,3,372627,uint8,chess-board,jpg,8
08.chess-board,037_0110.jpg,225,225,3,151875,uint8,chess-board,jpg,8
08.chess-board,037_0111.jpg,360,480,3,518400,uint8,chess-board,jpg,8
08.chess-board,037_0112.jpg,480,640,3,921600,uint8,chess-board,jpg,8
08.chess-board,037_0113.jpg,404,539,3,653268,uint8,chess-board,jpg,8
08.chess-board,037_0114.jpg,512,512,3,786432,uint8,chess-board,jpg,8
08.chess-board,037_0116.jpg,250,300,3,225000,uint8,chess-board,jpg,8
08.chess-board,037_0117.jpg,199,200,3,119400,uint8,chess-board,jpg,8
08.chess-board,037_0118.jpg,197,300,3,177300,uint8,chess-board,jpg,8
08.chess-board,037_0120.jpg,222,220,3,146520,uint8,chess-board,jpg,8
09.cockroach,040_0001.jpg,228,283,3,193572,uint8,cockroach,jpg,9
09.cockroach,040_0002.jpg,281,189,3,159327,uint8,cockroach,jpg,9
09.cockroach,040_0005.jpg,113,133,3,45087,uint8,cockroach,jpg,9
09.cockroach,040_0006.jpg,120,182,3,65520,uint8,cockroach,jpg,9
09.cockroach,040_0008.jpg,103,150,3,46350,uint8,cockroach,jpg,9
09.cockroach,040_0009.jpg,256,400,3,307200,uint8,cockroach,jpg,9
09.cockroach,040_0010.jpg,120,180,3,64800,uint8,cockroach,jpg,9
09.cockroach,040_0011.jpg,240,320,3,230400,uint8,cockroach,jpg,9
09.cockroach,040_0012.jpg,122,130,3,47580,uint8,cockroach,jpg,9
09.cockroach,040_0013.jpg,160,198,3,95040,uint8,cockroach,jpg,9
09.cockroach,040_0014.jpg,110,156,3,51480,uint8,cockroach,jpg,9
09.cockroach,040_0015.jpg,797,558,3,1334178,uint8,cockroach,jpg,9
09.cockroach,040_0016.jpg,135,180,3,72900,uint8,cockroach,jpg,9
09.cockroach,040_0019.jpg,283,225,3,191025,uint8,cockroach,jpg,9
09.cockroach,040_0022.jpg,400,638,3,765600,uint8,cockroach,jpg,9
09.cockroach,040_0023.jpg,233,350,3,244650,uint8,cockroach,jpg,9
09.cockroach,040_0024.jpg,104,211,3,65832,uint8,cockroach,jpg,9
09.cockroach,040_0025.jpg,295,350,3,309750,uint8,cockroach,jpg,9
09.cockroach,040_0026.jpg,174,270,3,140940,uint8,cockroach,jpg,9
09.cockroach,040_0028.jpg,122,150,3,54900,uint8,cockroach,jpg,9
09.cockroach,040_0029.jpg,106,115,3,36570,uint8,cockroach,jpg,9
09.cockroach,040_0031.jpg,480,637,3,917280,uint8,cockroach,jpg,9
09.cockroach,040_0032.jpg,460,300,3,414000,uint8,cockroach,jpg,9
09.cockroach,040_0033.jpg,333,250,3,249750,uint8,cockroach,jpg,9
09.cockroach,040_0035.jpg,300,468,3,421200,uint8,cockroach,jpg,9
09.cockroach,040_0036.jpg,263,350,3,276150,uint8,cockroach,jpg,9
09.cockroach,040_0037.jpg,286,500,3,429000,uint8,cockroach,jpg,9
09.cockroach,040_0038.jpg,204,250,3,153000,uint8,cockroach,jpg,9
09.cockroach,040_0041.jpg,350,300,3,315000,uint8,cockroach,jpg,9
09.cockroach,040_0043.jpg,480,640,3,921600,uint8,cockroach,jpg,9
09.cockroach,040_0044.jpg,172,256,3,132096,uint8,cockroach,jpg,9
09.cockroach,040_0046.jpg,172,161,3,83076,uint8,cockroach,jpg,9
09.cockroach,040_0047.jpg,406,600,3,730800,uint8,cockroach,jpg,9
09.cockroach,040_0049.jpg,324,271,1,87804,uint8,cockroach,jpg,9
09.cockroach,040_0052.jpg,195,289,3,169065,uint8,cockroach,jpg,9
09.cockroach,040_0053.jpg,206,300,3,185400,uint8,cockroach,jpg,9
09.cockroach,040_0054.jpg,523,334,3,524046,uint8,cockroach,jpg,9
09.cockroach,040_0058.jpg,320,190,3,182400,uint8,cockroach,jpg,9
09.cockroach,040_0059.jpg,480,640,3,921600,uint8,cockroach,jpg,9
09.cockroach,040_0060.jpg,400,320,3,384000,uint8,cockroach,jpg,9
09.cockroach,040_0062.jpg,500,276,3,414000,uint8,cockroach,jpg,9
09.cockroach,040_0063.jpg,314,473,3,445566,uint8,cockroach,jpg,9
09.cockroach,040_0064.jpg,240,320,3,230400,uint8,cockroach,jpg,9
09.cockroach,040_0067.jpg,156,300,3,140400,uint8,cockroach,jpg,9
09.cockroach,040_0069.jpg,188,160,3,90240,uint8,cockroach,jpg,9
09.cockroach,040_0071.jpg,173,231,3,119889,uint8,cockroach,jpg,9
09.cockroach,040_0072.jpg,198,292,3,173448,uint8,cockroach,jpg,9
09.cockroach,040_0073.jpg,741,709,3,1576107,uint8,cockroach,jpg,9
09.cockroach,040_0074.jpg,360,480,3,518400,uint8,cockroach,jpg,9
09.cockroach,040_0075.jpg,360,480,3,518400,uint8,cockroach,jpg,9
09.cockroach,040_0077.jpg,271,232,3,188616,uint8,cockroach,jpg,9
09.cockroach,040_0078.jpg,640,480,3,921600,uint8,cockroach,jpg,9
09.cockroach,040_0079.jpg,291,250,3,218250,uint8,cockroach,jpg,9
09.cockroach,040_0080.jpg,576,688,3,1188864,uint8,cockroach,jpg,9
09.cockroach,040_0082.jpg,247,303,3,224523,uint8,cockroach,jpg,9
09.cockroach,040_0083.jpg,168,165,3,83160,uint8,cockroach,jpg,9
09.cockroach,040_0084.jpg,320,240,3,230400,uint8,cockroach,jpg,9
09.cockroach,040_0086.jpg,250,305,3,228750,uint8,cockroach,jpg,9
09.cockroach,040_0089.jpg,255,255,3,195075,uint8,cockroach,jpg,9
09.cockroach,040_0091.jpg,256,350,3,268800,uint8,cockroach,jpg,9
09.cockroach,040_0092.jpg,367,306,3,336906,uint8,cockroach,jpg,9
09.cockroach,040_0093.jpg,168,183,3,92232,uint8,cockroach,jpg,9
09.cockroach,040_0094.jpg,170,227,3,115770,uint8,cockroach,jpg,9
09.cockroach,040_0095.jpg,300,400,3,360000,uint8,cockroach,jpg,9
09.cockroach,040_0096.jpg,209,306,3,191862,uint8,cockroach,jpg,9
09.cockroach,040_0097.jpg,157,209,3,98439,uint8,cockroach,jpg,9
09.cockroach,040_0099.jpg,300,400,3,360000,uint8,cockroach,jpg,9
09.cockroach,040_0101.jpg,262,543,3,426798,uint8,cockroach,jpg,9
09.cockroach,040_0102.jpg,200,319,3,191400,uint8,cockroach,jpg,9
09.cockroach,040_0103.jpg,323,430,3,416670,uint8,cockroach,jpg,9
09.cockroach,040_0104.jpg,334,502,3,503004,uint8,cockroach,jpg,9
09.cockroach,040_0105.jpg,211,380,3,240540,uint8,cockroach,jpg,9
09.cockroach,040_0106.jpg,216,216,3,139968,uint8,cockroach,jpg,9
09.cockroach,040_0107.jpg,167,200,3,100200,uint8,cockroach,jpg,9
09.cockroach,040_0109.jpg,502,334,3,503004,uint8,cockroach,jpg,9
09.cockroach,040_0110.jpg,300,218,3,196200,uint8,cockroach,jpg,9
09.cockroach,040_0112.jpg,168,220,3,110880,uint8,cockroach,jpg,9
09.cockroach,040_0113.jpg,200,220,3,132000,uint8,cockroach,jpg,9
09.cockroach,040_0114.jpg,200,212,3,127200,uint8,cockroach,jpg,9
09.cockroach,040_0115.jpg,209,320,3,200640,uint8,cockroach,jpg,9
09.cockroach,040_0117.jpg,584,494,3,865488,uint8,cockroach,jpg,9
09.cockroach,040_0119.jpg,216,375,1,81000,uint8,cockroach,jpg,9
09.cockroach,040_0120.jpg,450,600,3,810000,uint8,cockroach,jpg,9
09.cockroach,040_0121.jpg,182,272,3,148512,uint8,cockroach,jpg,9
10.coin,043_0003.jpg,500,506,3,759000,uint8,coin,jpg,10
10.coin,043_0004.jpg,625,625,3,1171875,uint8,coin,jpg,10
10.coin,043_0005.jpg,750,750,3,1687500,uint8,coin,jpg,10
10.coin,043_0007.jpg,488,480,3,702720,uint8,coin,jpg,10
10.coin,043_0008.jpg,250,188,3,141000,uint8,coin,jpg,10
10.coin,043_0009.jpg,303,600,3,545400,uint8,coin,jpg,10
10.coin,043_0011.jpg,360,593,3,640440,uint8,coin,jpg,10
10.coin,043_0013.jpg,480,640,3,921600,uint8,coin,jpg,10
10.coin,043_0015.jpg,812,844,3,2055984,uint8,coin,jpg,10
10.coin,043_0017.jpg,173,175,3,90825,uint8,coin,jpg,10
10.coin,043_0018.jpg,417,289,3,361539,uint8,coin,jpg,10
10.coin,043_0019.jpg,328,600,3,590400,uint8,coin,jpg,10
10.coin,043_0020.jpg,280,280,3,235200,uint8,coin,jpg,10
10.coin,043_0024.jpg,381,400,3,457200,uint8,coin,jpg,10
10.coin,043_0026.jpg,1000,1000,3,3000000,uint8,coin,jpg,10
10.coin,043_0028.jpg,511,600,3,919800,uint8,coin,jpg,10
10.coin,043_0029.jpg,194,200,3,116400,uint8,coin,jpg,10
10.coin,043_0032.jpg,415,700,3,871500,uint8,coin,jpg,10
10.coin,043_0034.jpg,584,728,3,1275456,uint8,coin,jpg,10
10.coin,043_0035.jpg,223,440,3,294360,uint8,coin,jpg,10
10.coin,043_0036.jpg,300,294,3,264600,uint8,coin,jpg,10
10.coin,043_0037.jpg,300,300,3,270000,uint8,coin,jpg,10
10.coin,043_0039.jpg,249,478,3,357066,uint8,coin,jpg,10
10.coin,043_0041.jpg,291,316,3,275868,uint8,coin,jpg,10
10.coin,043_0042.jpg,7913,7913,1,62615569,uint8,coin,jpg,10
10.coin,043_0043.jpg,398,372,3,444168,uint8,coin,jpg,10
10.coin,043_0044.jpg,369,396,3,438372,uint8,coin,jpg,10
10.coin,043_0045.jpg,480,640,3,921600,uint8,coin,jpg,10
10.coin,043_0046.jpg,281,350,3,295050,uint8,coin,jpg,10
10.coin,043_0052.jpg,167,330,3,165330,uint8,coin,jpg,10
10.coin,043_0056.jpg,475,475,3,676875,uint8,coin,jpg,10
10.coin,043_0058.jpg,337,618,3,624798,uint8,coin,jpg,10
10.coin,043_0059.jpg,283,300,3,254700,uint8,coin,jpg,10
10.coin,043_0060.jpg,556,608,3,1014144,uint8,coin,jpg,10
10.coin,043_0061.jpg,383,500,3,574500,uint8,coin,jpg,10
10.coin,043_0062.jpg,480,720,3,1036800,uint8,coin,jpg,10
10.coin,043_0064.jpg,480,640,3,921600,uint8,coin,jpg,10
10.coin,043_0066.jpg,306,306,3,280908,uint8,coin,jpg,10
10.coin,043_0067.jpg,350,350,3,367500,uint8,coin,jpg,10
10.coin,043_0068.jpg,360,440,3,475200,uint8,coin,jpg,10
10.coin,043_0069.jpg,348,400,3,417600,uint8,coin,jpg,10
10.coin,043_0070.jpg,318,450,3,429300,uint8,coin,jpg,10
10.coin,043_0071.jpg,826,798,3,1977444,uint8,coin,jpg,10
10.coin,043_0072.jpg,233,341,3,238359,uint8,coin,jpg,10
10.coin,043_0075.jpg,300,290,3,261000,uint8,coin,jpg,10
10.coin,043_0076.jpg,300,400,3,360000,uint8,coin,jpg,10
10.coin,043_0077.jpg,210,400,3,252000,uint8,coin,jpg,10
10.coin,043_0078.jpg,217,225,3,146475,uint8,coin,jpg,10
10.coin,043_0079.jpg,350,350,3,367500,uint8,coin,jpg,10
10.coin,043_0080.jpg,218,200,3,130800,uint8,coin,jpg,10
10.coin,043_0081.jpg,250,270,3,202500,uint8,coin,jpg,10
10.coin,043_0082.jpg,132,220,3,87120,uint8,coin,jpg,10
10.coin,043_0083.jpg,250,270,3,202500,uint8,coin,jpg,10
10.coin,043_0084.jpg,379,465,3,528705,uint8,coin,jpg,10
10.coin,043_0085.jpg,250,270,3,202500,uint8,coin,jpg,10
10.coin,043_0086.jpg,427,405,3,518805,uint8,coin,jpg,10
10.coin,043_0087.jpg,250,270,3,202500,uint8,coin,jpg,10
10.coin,043_0088.jpg,250,270,3,202500,uint8,coin,jpg,10
10.coin,043_0089.jpg,190,206,3,117420,uint8,coin,jpg,10
10.coin,043_0090.jpg,386,550,3,636900,uint8,coin,jpg,10
10.coin,043_0091.jpg,275,275,3,226875,uint8,coin,jpg,10
10.coin,043_0093.jpg,300,331,3,297900,uint8,coin,jpg,10
10.coin,043_0095.jpg,480,640,3,921600,uint8,coin,jpg,10
10.coin,043_0096.jpg,275,275,3,226875,uint8,coin,jpg,10
10.coin,043_0097.jpg,200,200,3,120000,uint8,coin,jpg,10
10.coin,043_0098.jpg,234,234,3,164268,uint8,coin,jpg,10
10.coin,043_0099.jpg,253,227,3,172293,uint8,coin,jpg,10
10.coin,043_0100.jpg,234,234,3,164268,uint8,coin,jpg,10
10.coin,043_0101.jpg,269,245,3,197715,uint8,coin,jpg,10
10.coin,043_0102.jpg,234,234,3,164268,uint8,coin,jpg,10
10.coin,043_0103.jpg,275,275,3,226875,uint8,coin,jpg,10
10.coin,043_0104.jpg,161,240,3,115920,uint8,coin,jpg,10
10.coin,043_0106.jpg,372,501,3,559116,uint8,coin,jpg,10
10.coin,043_0109.jpg,177,350,3,185850,uint8,coin,jpg,10
10.coin,043_0111.jpg,161,240,3,115920,uint8,coin,jpg,10
10.coin,043_0112.jpg,176,220,3,116160,uint8,coin,jpg,10
10.coin,043_0113.jpg,234,234,3,164268,uint8,coin,jpg,10
10.coin,043_0114.jpg,200,187,3,112200,uint8,coin,jpg,10
10.coin,043_0115.jpg,240,377,3,271440,uint8,coin,jpg,10
10.coin,043_0118.jpg,120,180,3,64800,uint8,coin,jpg,10
10.coin,043_0119.jpg,275,275,3,226875,uint8,coin,jpg,10
10.coin,043_0121.jpg,178,240,3,128160,uint8,coin,jpg,10
10.coin,043_0122.jpg,240,240,3,172800,uint8,coin,jpg,10
10.coin,043_0124.jpg,247,360,3,266760,uint8,coin,jpg,10
